0.0000000,0.0000000,0.0000000,0.0000000,0.0000000,0.0000000,0.0000000,0.0000000,0.0000000,0.0000000,0.0000000,0.0000000
1.0000000,1.0000000,1.0000000,1.0000000,1.0000000,1.0000000,1.0000000,1.0000000,1.0000000,1.0000000,1.0000000,1.0000000
-1.0000000,-1.0000000,-1.0000000,-1.0000000,-1.0000000,-1.0000000,-1.0000000,-1.0000000,-1.0000000,-1.0000000,-1.0000000,-1.0000000
0.8217701,-1.3812797,-2.7541590,-2.9008341,1.8796214,2.4765334,0.6398147,1.3769794,0.2617500,2.6104345,1.8951213,-2.9835689
2.1444256,-2.7984865,1.3779327,-1.9460663,2.1790736,0.2487673,-1.2017287,-0.4638767,-2.8300819,-2.2543004,1.0237465,0.8831370
0.6923107,-0.6979347,2.9832597,2.8850121,1.1132519,0.9027557,1.1306804,-0.6664715,-2.1894209,1.3289300,0.1521259,-1.1385487
-0.0849878,2.3369269,2.6042612,-0.8532288,0.4291790,-1.0687836,0.5658002,-0.9725326,-0.6502860,2.3416462,-1.6370544,0.7391229
-2.4959080,1.9958649,1.7225899,-1.5637833,2.2589054,-2.6485918,-0.9832976,-2.0983231,-0.2979638,1.7779456,-1.6161468,-2.6878722
-0.5726889,-1.8089217,-2.4554818,0.4819943,-1.2078232,1.0319693,-1.8029073,2.6526787,-0.8093390,-2.3670282,0.7746489,2.5629272
-0.3577371,2.7275429,-0.0006251,-0.4486282,0.7212807,2.9705791,2.6936622,-0.2397292,1.5463731,-0.0154638,0.1758730,1.7147142
-0.5120649,1.4069015,1.2668573,2.5923581,-2.3104043,1.3740907,2.5645435,2.8075571,-2.9117622,2.1818407,2.8871703,2.7432611
-2.1074159,2.8357730,2.3396134,1.9342430,-0.1200725,-1.6057625,1.8112835,2.5411808,-1.4032184,0.2336064,-0.3434830,2.5861039
-2.7569358,1.3920372,0.6862395,-2.8298078,1.3153186,-2.9040496,1.5477060,0.0765523,2.5746253,-2.6035051,2.0479038,-2.5998600
-0.9341401,-0.4182076,2.7963724,0.3733911,-1.4468124,-1.5499457,2.3287098,-1.6447834,-2.2526717,-1.2700155,0.5167384,0.3245430
1.8582647,0.3628557,-1.2694727,-0.5226219,1.9087259,0.7590387,2.7544658,-0.7835735,0.3156691,0.5635452,2.0897472,-2.1271589
-0.5609380,2.4597538,-2.7415986,1.9362377,-0.5076958,1.9788239,-2.9402726,-0.8097231,-2.5282197,0.9156874,-1.3569055,1.2159125
2.6628087,-2.2390974,2.1886697,-2.6432152,-0.7153770,-0.4213556,-0.0669027,2.8587739,1.6541471,-1.1468558,-1.3809793,2.1787212
2.2878430,0.0642390,-0.9342256,2.9695041,-1.1043388,-1.9037257,2.2805886,1.8740124,1.0073364,2.7504818,2.5542874,1.4894910
2.1642084,-1.5171195,-2.1525207,1.0203711,1.2877113,-1.9976825,-0.6266564,2.4615345,0.3684046,0.4700155,-1.8352214,0.1561335
0.1406084,-2.4663861,2.8916562,0.4283736,-2.9615467,1.6358953,2.8695943,0.5392202,-1.0819101,-1.8749537,1.0351598,-1.8293556
0.4661274,0.6134350,2.7745385,-2.5664084,-0.0001631,1.4645848,-1.9366395,-0.6715996,-2.6226270,1.3552852,-2.4733927,-0.6294497
2.2411358,-0.1661980,2.4757316,1.5955027,2.4919438,-2.2355819,-2.5586226,-2.5780425,2.2131257,0.8044199,-0.0205698,-2.0187395
1.0424006,-1.0918957,1.2652792,-0.2378680,0.0448192,1.7379944,-2.4435272,0.4725510,-1.8165903,1.8488206,-0.0669238,2.9321721
-1.9023401,2.7781148,1.8055022,-0.1124370,1.8812044,0.6170934,0.9307264,2.4821446,-2.6083775,2.0099292,-0.7091113,-1.0467263
2.9641607,1.6871430,-0.0867892,-0.4642296,2.2651734,-2.4791107,1.2505126,1.7349278,1.7951783,-1.0662796,1.7798351,-1.6480293
-0.8261523,-0.4953113,0.2484599,-2.3243179,-0.5583132,-2.9981959,1.4662844,2.1112554,-2.1664100,1.2227147,1.9266186,2.8909700
2.0627434,-0.4553611,2.8781323,2.8439064,0.0220619,1.5206792,2.4830260,-0.1431176,2.1827176,1.2094114,-1.2364545,1.6059136
0.4241087,-2.4369290,-0.6517174,-2.5575540,-0.1429982,-0.4287623,-0.4575754,0.5178021,-2.2638559,2.6026134,1.1043026,1.9426881
2.3808074,0.4999203,-2.7586906,1.2689209,0.4141551,1.9557433,0.1929628,1.8794646,2.9820619,-0.8966711,-1.9738714,-0.6499512
1.5182999,-0.3646264,0.5302806,-2.2358491,1.3567411,-1.3195056,-1.8562946,2.1777000,0.3864769,-0.0930063,2.3929427,-2.4839253
1.1769267,-1.0321063,-1.9475415,1.0487919,-0.8230683,-1.0206250,2.6620667,-1.8042099,0.0730419,-2.8559208,-2.0197914,2.3005123
1.7354853,0.3410130,-1.6652796,0.3464855,-2.9271209,1.2779617,1.3005041,0.8762701,0.6680321,-2.5577013,-1.5215642,0.4462683
-0.6348794,2.9521394,2.5424721,-2.0879526,0.5397636,1.1772907,-2.1807394,-1.1244261,1.2955071,2.4066486,-0.9495441,-1.5663377
1.9307520,0.5098961,-0.1404695,-1.4630998,-2.5640500,-2.8926516,0.4798211,-1.8533384,2.8531978,-2.3551366,-0.2874673,-0.6320412
-1.6061312,1.4925344,0.8622286,1.3545461,-2.5031486,-0.8835395,0.1189984,-0.4396731,-2.7562947,-1.8358352,2.6701479,-2.0245817
2.1123140,1.9328229,-0.6522375,-0.1992989,1.9440109,1.0841180,2.0216625,1.5455796,1.1476289,2.4778447,1.9368428,-1.9256239
1.4893457,-2.4799120,-0.4448625,-0.6194887,-1.7869915,2.6274307,-2.4313400,-2.9706035,-1.0624752,2.9444683,-1.4118292,1.9841655
-1.9613181,0.5182701,2.7504561,1.2990794,2.8830478,0.4473399,2.9000082,2.0222821,1.6694894,2.3309393,0.7889491,-0.8618127
0.1696946,-1.6409976,1.6652647,-1.9795290,0.4631877,0.2153936,1.0314168,1.5629196,-2.3410327,0.7496458,-0.5162647,0.6852086
1.1639073,0.5128775,1.3973165,0.1201515,-0.2227931,-1.2793868,-1.6250900,1.1718127,1.1742681,-1.8271049,2.8310244,1.0269047
0.1872967,2.0470521,-0.0808774,-0.1443308,-1.4503536,-2.0631871,1.2697234,2.0646658,1.0667927,-0.7870709,0.4543326,0.3804748
2.6193964,-0.6739547,-2.0113041,2.2615974,2.3683710,-2.7104065,-1.8106558,0.8177019,1.7330710,0.6401550,-1.8504648,-2.2941506
0.0358358,1.8930625,-1.6975969,-2.5492039,0.3062700,-1.8490971,-2.5954578,1.6395876,1.9273596,-0.6099867,-1.2355418,-1.3372747
-0.8341715,0.4614459,0.1669205,-0.8679049,0.8245259,1.0546046,0.3496737,-0.6762305,0.7434167,0.5514167,-0.9580569,-1.1807939
0.2744933,0.6740505,0.6647906,-0.7029719,0.3946435,2.9146178,-0.4318529,2.0580883,-2.5120578,2.2513695,2.6502368,-1.4288160
-2.9273915,-0.1019495,-1.9037265,2.8297875,2.3861907,2.7639892,0.6232179,0.0909622,1.9963071,0.9140938,-1.5086540,2.6057162
-0.3618033,1.6413374,0.0056277,-1.8998625,-1.2244389,0.4464646,-2.1419876,-2.9175727,-0.3966527,1.5731831,0.6849436,-1.0551218
1.3034456,-0.0929122,2.9970081,1.6561899,1.9837886,-1.4427066,-2.0862303,-1.8041766,-0.4064102,0.0728947,-1.8323439,1.6796687
2.2105870,-1.1039701,0.0483852,0.5662476,1.3342690,-2.1151652,-1.3147737,1.3842360,0.4091539,2.3996747,-0.3128498,-0.5603229
-1.1609567,-1.6117646,0.9045980,-1.4118840,2.1736531,-1.3761096,1.0401578,0.4091049,0.7707528,2.3725007,-1.9800693,-2.1011066
-2.2685866,-2.5413659,0.2053861,-2.0056131,1.8430076,-2.8643367,-0.7523582,-0.1607762,-1.7008302,-0.8645627,-1.6632514,-1.3090314
2.5612264,-0.4969478,-0.6848103,0.6670467,0.9848511,0.9616593,-2.4914463,0.4914155,1.4155416,1.7734102,0.5312055,-2.2165616
-2.4975581,-1.0616778,2.5653529,-0.1642948,2.3728435,-0.2419503,1.5307087,-0.0892369,1.2522136,-1.0969243,2.3391917,-1.4057516
-2.9629390,1.3269947,1.0596268,0.9414087,1.1244900,0.5175853,-2.3083262,1.0152223,-2.9604089,-1.9029428,-0.4747296,-0.7297837
-2.2862091,-0.4382544,0.7417035,-0.7352194,1.2509969,-1.6144674,-2.1370485,1.4933990,1.0123688,-0.4237759,-2.1793964,0.9821025
1.4997345,-2.0163441,1.1358104,-0.8661775,2.4907117,1.5092381,-1.3576130,2.6281579,-2.8486035,-1.8910559,-1.5485822,1.3924805
0.1570082,-0.2137475,-1.6647999,1.5388026,-2.2973616,-1.5159527,1.8381619,-0.2937152,2.2609065,0.6099846,1.7372679,-1.8755803
-1.1026688,-0.7397637,-0.0348048,-0.1651978,1.9347969,-1.9608568,2.1089156,2.3342779,-2.5468857,-2.9436579,-1.2434821,-0.5955314
2.8226964,-2.5715485,1.6878316,-0.1474503,-2.2207589,-0.8035182,-0.7145916,-1.5385650,-1.2338175,-0.4804870,2.7735684,-0.2468366
2.7008100,-2.8168075,-2.6033385,-2.8331046,0.9956678,-1.6786039,0.4585211,1.7721968,-1.0091165,-1.5259351,1.3524516,-0.1446132
-2.1047392,-2.4753294,1.4230050,2.1624739,2.3421724,0.0605340,-2.0792725,-1.6460556,-0.2788567,2.1111443,0.9011845,-1.3547583
1.5356319,-0.3873589,2.8965836,-0.4276372,2.0231781,-2.9127502,1.3093276,-0.6091294,-0.0059442,-1.8070452,2.5770690,-1.8021299
0.3695202,0.5840737,2.1506605,-0.2000008,1.9793477,0.1433794,2.7380080,1.2996470,2.4726315,2.6541631,1.8134769,-2.2657948
-2.2534285,0.6974505,-1.3727599,-0.6890861,-1.9570309,1.5730300,2.1269863,-2.2031722,0.1010096,-0.6299224,1.7400919,-0.2100462
