wall_time,mav_boot_ms,att_age_ms,obs_00,obs_01,obs_02,obs_03,obs_04,obs_05,obs_06,obs_07,obs_08,obs_09,obs_10,obs_11,obs_12,action_0,action_1,action_2,kp_roll_raw,ki_roll_raw,kd_roll_raw,k_roll_raw,kp_pitch_raw,ki_pitch_raw,kd_pitch_raw,k_pitch_raw,kp_eff_roll,ki_eff_roll,kd_eff_roll,kp_eff_pitch,ki_eff_pitch,kd_eff_pitch,obs06_in_range,obs07_in_range,obs08_in_range,obs09_in_range,obs10_in_range,obs11_in_range,flag_rates_sane,flag_obs_finite,flag_action_finite,flag_action_in_range,flag_gains_match,flag_gains_in_bounds
1778955888.892461,24292,0.0,-0.003004,-0.001743,-0.002547,0.001393,0.011558,0.003836,0.099419,0.050000,0.198837,0.099419,0.050000,0.198837,1.000000,1.000000,-0.999552,-1.000000,0.171000,0.008600,0.001710,1.000000,0.171000,0.008600,0.001710,1.000000,0.171000,0.008600,0.001710,0.171000,0.008600,0.001710,1,1,1,1,1,1,1,1,1,1,1,1
1778955889.086715,24472,1.3,-0.003587,-0.001571,-0.004509,0.000231,0.015271,0.004481,0.099419,0.050000,0.198837,0.099419,0.050000,0.198837,1.000000,1.000000,-0.999495,-1.000000,0.171000,0.008600,0.001710,1.000000,0.171000,0.008600,0.001710,1.000000,0.171000,0.008600,0.001710,0.171000,0.008600,0.001710,1,1,1,1,1,1,1,1,1,1,1,1
1778955889.286198,24672,0.9,-0.004414,-0.001700,-0.003188,-0.001248,0.016430,0.006350,0.099419,0.050000,0.198837,0.099419,0.050000,0.198837,1.000000,1.000000,-0.999448,-1.000000,0.171000,0.008600,0.001710,1.000000,0.171000,0.008600,0.001710,1.000000,0.171000,0.008600,0.001710,0.171000,0.008600,0.001710,1,1,1,1,1,1,1,1,1,1,1,1
1778955889.487524,24872,1.0,-0.005177,-0.002089,-0.004764,-0.004057,0.020293,0.010325,0.099419,0.050000,0.198837,0.099419,0.050000,0.198837,1.000000,1.000000,-0.999335,-1.000000,0.171000,0.008600,0.001710,1.000000,0.171000,0.008600,0.001710,1.000000,0.171000,0.008600,0.001710,0.171000,0.008600,0.001710,1,1,1,1,1,1,1,1,1,1,1,1
1778955889.686243,25072,0.8,-0.005193,-0.002507,0.002904,-0.002259,0.012674,0.009781,0.099419,0.050000,0.198837,0.099419,0.050000,0.198837,1.000000,1.000000,-0.999472,-1.000000,0.171000,0.008600,0.001710,1.000000,0.171000,0.008600,0.001710,1.000000,0.171000,0.008600,0.001710,0.171000,0.008600,0.001710,1,1,1,1,1,1,1,1,1,1,1,1
1778955889.886935,25272,0.9,-0.004119,-0.002219,0.007324,0.003332,0.005032,0.003324,0.099419,0.050000,0.198837,0.099419,0.050000,0.198837,1.000000,1.000000,-0.999646,-1.000000,0.171000,0.008600,0.001710,1.000000,0.171000,0.008600,0.001710,1.000000,0.171000,0.008600,0.001710,0.171000,0.008600,0.001710,1,1,1,1,1,1,1,1,1,1,1,1
1778955890.086341,25472,0.8,-0.002645,-0.001878,0.009215,0.002006,-0.001281,0.003629,0.099419,0.050000,0.198837,0.099419,0.050000,0.198837,1.000000,1.000000,-0.999611,-1.000000,0.171000,0.008600,0.001710,1.000000,0.171000,0.008600,0.001710,1.000000,0.171000,0.008600,0.001710,0.171000,0.008600,0.001710,1,1,1,1,1,1,1,1,1,1,1,1
1778955890.285244,25676,0.5,-0.000550,-0.002060,0.009980,-0.001841,-0.008329,0.008022,0.099419,0.050000,0.198837,0.099419,0.050000,0.198837,1.000000,1.000000,-0.999429,-1.000000,0.171000,0.008600,0.001710,1.000000,0.171000,0.008600,0.001710,1.000000,0.171000,0.008600,0.001710,0.171000,0.008600,0.001710,1,1,1,1,1,1,1,1,1,1,1,1
1778955890.482909,25872,0.3,0.000843,-0.002022,0.005893,0.001272,-0.008423,0.004795,0.099419,0.050000,0.198837,0.099419,0.050000,0.198837,1.000000,1.000000,-0.999512,-1.000000,0.171000,0.008600,0.001710,1.000000,0.171000,0.008600,0.001710,1.000000,0.171000,0.008600,0.001710,0.171000,0.008600,0.001710,1,1,1,1,1,1,1,1,1,1,1,1
1778955890.687193,26072,0.9,0.001792,-0.001727,0.002793,0.003457,-0.008168,0.001724,0.099419,0.050000,0.198837,0.099419,0.050000,0.198837,1.000000,1.000000,-0.999549,-1.000000,0.171000,0.008600,0.001710,1.000000,0.171000,0.008600,0.001710,1.000000,0.171000,0.008600,0.001710,0.171000,0.008600,0.001710,1,1,1,1,1,1,1,1,1,1,1,1
1778955890.884274,26272,0.8,0.002165,-0.000727,-0.000521,0.005265,-0.005974,-0.003084,0.099419,0.050000,0.198837,0.099419,0.050000,0.198837,1.000000,1.000000,-0.999576,-1.000000,0.171000,0.008600,0.001710,1.000000,0.171000,0.008600,0.001710,1.000000,0.171000,0.008600,0.001710,0.171000,0.008600,0.001710,1,1,1,1,1,1,1,1,1,1,1,1
1778955891.085552,26472,0.5,0.001646,0.000314,-0.003344,0.004367,-0.001594,-0.005307,0.099419,0.050000,0.198837,0.099419,0.050000,0.198837,1.000000,1.000000,-0.999522,-1.000000,0.171000,0.008600,0.001710,1.000000,0.171000,0.008600,0.001710,1.000000,0.171000,0.008600,0.001710,0.171000,0.008600,0.001710,1,1,1,1,1,1,1,1,1,1,1,1
1778955891.283368,26672,0.3,0.000637,0.000999,-0.003792,0.002305,0.001880,-0.005301,0.099419,0.050000,0.198837,0.099419,0.050000,0.198837,1.000000,1.000000,-0.999465,-1.000000,0.171000,0.008600,0.001710,1.000000,0.171000,0.008600,0.001710,1.000000,0.171000,0.008600,0.001710,0.171000,0.008600,0.001710,1,1,1,1,1,1,1,1,1,1,1,1
1778955891.486150,26872,0.6,-0.000080,0.001543,0.000455,0.000181,-0.000216,-0.004811,0.099419,0.050000,0.198837,0.099419,0.050000,0.198837,1.000000,1.000000,-0.999398,-1.000000,0.171000,0.008600,0.001710,1.000000,0.171000,0.008600,0.001710,1.000000,0.171000,0.008600,0.001710,0.171000,0.008600,0.001710,1,1,1,1,1,1,1,1,1,1,1,1
1778955891.688381,27072,0.9,0.000165,0.001681,0.003372,0.001815,-0.003868,-0.006858,0.099419,0.050000,0.198837,0.099419,0.050000,0.198837,1.000000,1.000000,-0.999411,-1.000000,0.171000,0.008600,0.001710,1.000000,0.171000,0.008600,0.001710,1.000000,0.171000,0.008600,0.001710,0.171000,0.008600,0.001710,1,1,1,1,1,1,1,1,1,1,1,1
1778955891.888634,27272,1.3,0.001049,0.001958,0.004974,0.000355,-0.008120,-0.006229,0.099419,0.050000,0.198837,0.099419,0.050000,0.198837,1.000000,1.000000,-0.999353,-1.000000,0.171000,0.008600,0.001710,1.000000,0.171000,0.008600,0.001710,1.000000,0.171000,0.008600,0.001710,0.171000,0.008600,0.001710,1,1,1,1,1,1,1,1,1,1,1,1
1778955892.087726,27472,0.8,0.001525,0.002144,0.001089,0.003060,-0.005662,-0.009493,0.099419,0.050000,0.198837,0.099419,0.050000,0.198837,1.000000,1.000000,-0.999391,-1.000000,0.171000,0.008600,0.001710,1.000000,0.171000,0.008600,0.001710,1.000000,0.171000,0.008600,0.001710,0.171000,0.008600,0.001710,1,1,1,1,1,1,1,1,1,1,1,1
1778955892.288149,27672,1.1,0.001346,0.002519,-0.003703,0.001816,-0.000336,-0.009374,0.099419,0.050000,0.198837,0.099419,0.050000,0.198837,1.000000,1.000000,-0.999354,-1.000000,0.171000,0.008600,0.001710,1.000000,0.171000,0.008600,0.001710,1.000000,0.171000,0.008600,0.001710,0.171000,0.008600,0.001710,1,1,1,1,1,1,1,1,1,1,1,1
1778955892.486457,27872,0.5,0.001140,0.002743,-0.000427,0.000181,-0.002994,-0.008411,0.099419,0.050000,0.198837,0.099419,0.050000,0.198837,1.000000,1.000000,-0.999302,-1.000000,0.171000,0.008600,0.001710,1.000000,0.171000,0.008600,0.001710,1.000000,0.171000,0.008600,0.001710,0.171000,0.008600,0.001710,1,1,1,1,1,1,1,1,1,1,1,1
1778955892.688233,28072,1.0,0.000805,0.002619,-0.003283,0.000142,0.000869,-0.007997,0.099419,0.050000,0.198837,0.099419,0.050000,0.198837,1.000000,1.000000,-0.999320,-1.000000,0.171000,0.008600,0.001710,1.000000,0.171000,0.008600,0.001710,1.000000,0.171000,0.008600,0.001710,0.171000,0.008600,0.001710,1,1,1,1,1,1,1,1,1,1,1,1
1778955892.888731,28272,1.7,0.000134,0.002168,-0.004340,-0.002207,0.003936,-0.004297,0.099419,0.050000,0.198837,0.099419,0.050000,0.198837,1.000000,1.000000,-0.999242,-1.000000,0.171000,0.008600,0.001710,1.000000,0.171000,0.008600,0.001710,1.000000,0.171000,0.008600,0.001710,0.171000,0.008600,0.001710,1,1,1,1,1,1,1,1,1,1,1,1
1778955893.088179,28472,0.9,-0.000539,0.001768,-0.003066,-0.001329,0.004682,-0.003974,0.099419,0.050000,0.198837,0.099419,0.050000,0.198837,1.000000,1.000000,-0.999306,-1.000000,0.171000,0.008600,0.001710,1.000000,0.171000,0.008600,0.001710,1.000000,0.171000,0.008600,0.001710,0.171000,0.008600,0.001710,1,1,1,1,1,1,1,1,1,1,1,1
1778955893.285062,28672,0.3,-0.000875,0.001203,-0.000786,-0.003646,0.003411,0.000037,0.099419,0.050000,0.198837,0.099419,0.050000,0.198837,1.000000,1.000000,-0.999248,-1.000000,0.171000,0.008600,0.001710,1.000000,0.171000,0.008600,0.001710,1.000000,0.171000,0.008600,0.001710,0.171000,0.008600,0.001710,1,1,1,1,1,1,1,1,1,1,1,1
1778955893.489002,28872,1.0,-0.000453,0.000597,0.002010,-0.002251,-0.000651,0.000461,0.099419,0.050000,0.198837,0.099419,0.050000,0.198837,1.000000,1.000000,-0.999370,-1.000000,0.171000,0.008600,0.001710,1.000000,0.171000,0.008600,0.001710,1.000000,0.171000,0.008600,0.001710,0.171000,0.008600,0.001710,1,1,1,1,1,1,1,1,1,1,1,1
1778955893.688076,29072,0.9,0.000313,0.000035,0.005901,-0.001942,-0.006839,0.001836,0.099419,0.050000,0.198837,0.099419,0.050000,0.198837,1.000000,1.000000,-0.999441,-1.000000,0.171000,0.008600,0.001710,1.000000,0.171000,0.008600,0.001710,1.000000,0.171000,0.008600,0.001710,0.171000,0.008600,0.001710,1,1,1,1,1,1,1,1,1,1,1,1
1778955893.888442,29272,1.4,0.001022,-0.000660,0.002059,-0.002366,-0.005125,0.004346,0.099419,0.050000,0.198837,0.099419,0.050000,0.198837,1.000000,1.000000,-0.999451,-1.000000,0.171000,0.008600,0.001710,1.000000,0.171000,0.008600,0.001710,1.000000,0.171000,0.008600,0.001710,0.171000,0.008600,0.001710,1,1,1,1,1,1,1,1,1,1,1,1
1778955894.088750,29472,0.7,0.001604,-0.000677,0.002159,-0.000756,-0.006970,0.002786,0.099419,0.050000,0.198837,0.099419,0.050000,0.198837,1.000000,1.000000,-0.999492,-1.000000,0.171000,0.008600,0.001710,1.000000,0.171000,0.008600,0.001710,1.000000,0.171000,0.008600,0.001710,0.171000,0.008600,0.001710,1,1,1,1,1,1,1,1,1,1,1,1
1778955894.289956,29672,1.0,0.001938,-0.000300,0.000771,0.002819,-0.006584,-0.001918,0.099419,0.050000,0.198837,0.099419,0.050000,0.198837,1.000000,1.000000,-0.999523,-1.000000,0.171000,0.008600,0.001710,1.000000,0.171000,0.008600,0.001710,1.000000,0.171000,0.008600,0.001710,0.171000,0.008600,0.001710,1,1,1,1,1,1,1,1,1,1,1,1
1778955894.487624,29872,0.6,0.001889,-0.000051,-0.002433,0.000678,-0.003234,-0.000526,0.099419,0.050000,0.198837,0.099419,0.050000,0.198837,1.000000,1.000000,-0.999483,-1.000000,0.171000,0.008600,0.001710,1.000000,0.171000,0.008600,0.001710,1.000000,0.171000,0.008600,0.001710,0.171000,0.008600,0.001710,1,1,1,1,1,1,1,1,1,1,1,1
1778955894.687342,30072,0.6,0.001306,0.000319,-0.003422,0.002918,-0.000495,-0.003875,0.099419,0.050000,0.198837,0.099419,0.050000,0.198837,1.000000,1.000000,-0.999504,-1.000000,0.171000,0.008600,0.001710,1.000000,0.171000,0.008600,0.001710,1.000000,0.171000,0.008600,0.001710,0.171000,0.008600,0.001710,1,1,1,1,1,1,1,1,1,1,1,1
1778955894.891008,30272,1.8,0.000596,0.000663,-0.005183,0.002618,0.003396,-0.004608,0.099419,0.050000,0.198837,0.099419,0.050000,0.198837,1.000000,1.000000,-0.999491,-1.000000,0.171000,0.008600,0.001710,1.000000,0.171000,0.008600,0.001710,1.000000,0.171000,0.008600,0.001710,0.171000,0.008600,0.001710,1,1,1,1,1,1,1,1,1,1,1,1
1778955895.088667,30472,0.8,-0.000397,0.001057,-0.005252,0.004127,0.006444,-0.007299,0.099419,0.050000,0.198837,0.099419,0.050000,0.198837,1.000000,1.000000,-0.999502,-1.000000,0.171000,0.008600,0.001710,1.000000,0.171000,0.008600,0.001710,1.000000,0.171000,0.008600,0.001710,0.171000,0.008600,0.001710,1,1,1,1,1,1,1,1,1,1,1,1
1778955895.289948,30672,0.8,-0.000906,0.001557,-0.002604,0.002585,0.005323,-0.007256,0.099419,0.050000,0.198837,0.099419,0.050000,0.198837,1.000000,1.000000,-0.999452,-1.000000,0.171000,0.008600,0.001710,1.000000,0.171000,0.008600,0.001710,1.000000,0.171000,0.008600,0.001710,0.171000,0.008600,0.001710,1,1,1,1,1,1,1,1,1,1,1,1
1778955895.489755,30872,0.9,-0.001384,0.001993,-0.002178,0.004141,0.006331,-0.010119,0.099419,0.050000,0.198837,0.099419,0.050000,0.198837,1.000000,1.000000,-0.999457,-1.000000,0.171000,0.008600,0.001710,1.000000,0.171000,0.008600,0.001710,1.000000,0.171000,0.008600,0.001710,0.171000,0.008600,0.001710,1,1,1,1,1,1,1,1,1,1,1,1
1778955895.688043,31072,0.6,-0.001665,0.002629,0.001260,0.004351,0.003735,-0.012239,0.099419,0.050000,0.198837,0.099419,0.050000,0.198837,1.000000,1.000000,-0.999421,-1.000000,0.171000,0.008600,0.001710,1.000000,0.171000,0.008600,0.001710,1.000000,0.171000,0.008600,0.001710,0.171000,0.008600,0.001710,1,1,1,1,1,1,1,1,1,1,1,1
1778955895.890193,31272,1.4,-0.001316,0.003164,0.003068,0.002979,0.000881,-0.012470,0.099419,0.050000,0.198837,0.099419,0.050000,0.198837,1.000000,1.000000,-0.999354,-1.000000,0.171000,0.008600,0.001710,1.000000,0.171000,0.008600,0.001710,1.000000,0.171000,0.008600,0.001710,0.171000,0.008600,0.001710,1,1,1,1,1,1,1,1,1,1,1,1
1778955896.086483,31472,0.2,-0.000562,0.003325,0.004383,-0.000865,-0.002697,-0.009110,0.099419,0.050000,0.198837,0.099419,0.050000,0.198837,1.000000,1.000000,-0.999250,-1.000000,0.171000,0.008600,0.001710,1.000000,0.171000,0.008600,0.001710,1.000000,0.171000,0.008600,0.001710,0.171000,0.008600,0.001710,1,1,1,1,1,1,1,1,1,1,1,1
1778955896.288334,31672,0.7,0.000567,0.002946,0.007044,-0.003495,-0.008746,-0.005343,0.099419,0.050000,0.198837,0.099419,0.050000,0.198837,1.000000,1.000000,-0.999198,-1.000000,0.171000,0.008600,0.001710,1.000000,0.171000,0.008600,0.001710,1.000000,0.171000,0.008600,0.001710,0.171000,0.008600,0.001710,1,1,1,1,1,1,1,1,1,1,1,1
1778955896.490313,31872,1.0,0.001451,0.002315,0.002100,-0.004959,-0.006454,-0.001987,0.099419,0.050000,0.198837,0.099419,0.050000,0.198837,1.000000,1.000000,-0.999165,-1.000000,0.171000,0.008600,0.001710,1.000000,0.171000,0.008600,0.001710,1.000000,0.171000,0.008600,0.001710,0.171000,0.008600,0.001710,1,1,1,1,1,1,1,1,1,1,1,1
1778955896.690585,32072,1.0,0.001687,0.001081,-0.001496,-0.008955,-0.003565,0.005712,0.099419,0.050000,0.198837,0.099419,0.050000,0.198837,1.000000,1.000000,-0.999009,-1.000000,0.171000,0.008600,0.001710,1.000000,0.171000,0.008600,0.001710,1.000000,0.171000,0.008600,0.001710,0.171000,0.008600,0.001710,1,1,1,1,1,1,1,1,1,1,1,1
1778955896.888855,32272,1.1,0.001366,-0.000877,-0.002986,-0.012780,-0.001111,0.015410,0.099419,0.050000,0.198837,0.099419,0.050000,0.198837,1.000000,1.000000,-0.998918,-1.000000,0.171000,0.008600,0.001710,1.000000,0.171000,0.008600,0.001710,1.000000,0.171000,0.008600,0.001710,0.171000,0.008600,0.001710,1,1,1,1,1,1,1,1,1,1,1,1
1778955897.086238,32472,0.3,0.000845,-0.002940,-0.004543,-0.010830,0.002007,0.019650,0.099419,0.050000,0.198837,0.099419,0.050000,0.198837,1.000000,1.000000,-0.999183,-1.000000,0.171000,0.008600,0.001710,1.000000,0.171000,0.008600,0.001710,1.000000,0.171000,0.008600,0.001710,0.171000,0.008600,0.001710,1,1,1,1,1,1,1,1,1,1,1,1
1778955897.290049,32672,0.7,-0.000141,-0.004314,-0.004684,-0.006566,0.005108,0.019508,0.099419,0.050000,0.198837,0.099419,0.050000,0.198837,1.000000,1.000000,-0.999431,-1.000000,0.171000,0.008600,0.001710,1.000000,0.171000,0.008600,0.001710,1.000000,0.171000,0.008600,0.001710,0.171000,0.008600,0.001710,1,1,1,1,1,1,1,1,1,1,1,1
1778955897.486381,32872,0.2,-0.000910,-0.004931,-0.002529,-0.002875,0.005259,0.017668,0.099419,0.050000,0.198837,0.099419,0.050000,0.198837,1.000000,1.000000,-0.999537,-1.000000,0.171000,0.008600,0.001710,1.000000,0.171000,0.008600,0.001710,1.000000,0.171000,0.008600,0.001710,0.171000,0.008600,0.001710,1,1,1,1,1,1,1,1,1,1,1,1
1778955897.690465,33072,0.8,-0.001306,-0.004849,-0.000910,0.000182,0.004827,0.014365,0.099419,0.050000,0.198837,0.099419,0.050000,0.198837,1.000000,1.000000,-0.999619,-1.000000,0.171000,0.008600,0.001710,1.000000,0.171000,0.008600,0.001710,1.000000,0.171000,0.008600,0.001710,0.171000,0.008600,0.001710,1,1,1,1,1,1,1,1,1,1,1,1
1778955897.890769,33272,1.3,-0.001640,-0.004321,-0.000406,0.003796,0.005326,0.009166,0.099419,0.050000,0.198837,0.099419,0.050000,0.198837,1.000000,1.000000,-0.999703,-1.000000,0.171000,0.008600,0.001710,1.000000,0.171000,0.008600,0.001710,1.000000,0.171000,0.008600,0.001710,0.171000,0.008600,0.001710,1,1,1,1,1,1,1,1,1,1,1,1
1778955898.092049,33472,1.1,-0.001214,-0.003016,0.005200,0.006590,-0.001557,0.002458,0.099419,0.050000,0.198837,0.099419,0.050000,0.198837,1.000000,1.000000,-0.999679,-1.000000,0.171000,0.008600,0.001710,1.000000,0.171000,0.008600,0.001710,1.000000,0.171000,0.008600,0.001710,0.171000,0.008600,0.001710,1,1,1,1,1,1,1,1,1,1,1,1
1778955898.288781,33672,0.5,-0.000307,-0.001492,0.004402,0.008106,-0.003482,-0.003631,0.099419,0.050000,0.198837,0.099419,0.050000,0.198837,1.000000,1.000000,-0.999653,-1.000000,0.171000,0.008600,0.001710,1.000000,0.171000,0.008600,0.001710,1.000000,0.171000,0.008600,0.001710,0.171000,0.008600,0.001710,1,1,1,1,1,1,1,1,1,1,1,1
1778955898.488780,33872,0.5,0.000162,0.000264,0.002427,0.009859,-0.002914,-0.010651,0.099419,0.050000,0.198837,0.099419,0.050000,0.198837,1.000000,1.000000,-0.999602,-1.000000,0.171000,0.008600,0.001710,1.000000,0.171000,0.008600,0.001710,1.000000,0.171000,0.008600,0.001710,0.171000,0.008600,0.001710,1,1,1,1,1,1,1,1,1,1,1,1
1778955898.692411,34092,0.3,0.000367,0.002136,0.000943,0.011097,-0.002044,-0.017506,0.099419,0.050000,0.198837,0.099419,0.050000,0.198837,1.000000,1.000000,-0.999532,-1.000000,0.171000,0.008600,0.001710,1.000000,0.171000,0.008600,0.001710,1.000000,0.171000,0.008600,0.001710,0.171000,0.008600,0.001710,1,1,1,1,1,1,1,1,1,1,1,1
1778955898.890841,34272,1.4,0.000131,0.003724,-0.002509,0.008301,0.002117,-0.019472,0.099419,0.050000,0.198837,0.099419,0.050000,0.198837,1.000000,1.000000,-0.999407,-1.000000,0.171000,0.008600,0.001710,1.000000,0.171000,0.008600,0.001710,1.000000,0.171000,0.008600,0.001710,0.171000,0.008600,0.001710,1,1,1,1,1,1,1,1,1,1,1,1
1778955899.091702,34492,0.1,-0.000321,0.004941,-0.000869,-0.000525,0.001832,-0.014296,0.099419,0.050000,0.198837,0.099419,0.050000,0.198837,1.000000,1.000000,-0.999127,-1.000000,0.171000,0.008600,0.001710,1.000000,0.171000,0.008600,0.001710,1.000000,0.171000,0.008600,0.001710,0.171000,0.008600,0.001710,1,1,1,1,1,1,1,1,1,1,1,1
1778955899.287136,34672,0.3,-0.000341,0.004888,-0.001459,-0.002342,0.002481,-0.012322,0.099419,0.050000,0.198837,0.099419,0.050000,0.198837,1.000000,1.000000,-0.999042,-1.000000,0.171000,0.008600,0.001710,1.000000,0.171000,0.008600,0.001710,1.000000,0.171000,0.008600,0.001710,0.171000,0.008600,0.001710,1,1,1,1,1,1,1,1,1,1,1,1
1778955899.492977,34892,0.1,-0.001200,0.003748,-0.003631,-0.006456,0.007231,-0.004786,0.099419,0.050000,0.198837,0.099419,0.050000,0.198837,1.000000,1.000000,-0.998834,-1.000000,0.171000,0.008600,0.001710,1.000000,0.171000,0.008600,0.001710,1.000000,0.171000,0.008600,0.001710,0.171000,0.008600,0.001710,1,1,1,1,1,1,1,1,1,1,1,1
1778955899.690892,35072,1.0,-0.001790,0.002419,-0.002552,-0.009172,0.007923,0.001914,0.099419,0.050000,0.198837,0.099419,0.050000,0.198837,1.000000,1.000000,-0.998767,-1.000000,0.171000,0.008600,0.001710,1.000000,0.171000,0.008600,0.001710,1.000000,0.171000,0.008600,0.001710,0.171000,0.008600,0.001710,1,1,1,1,1,1,1,1,1,1,1,1
1778955899.887888,35272,0.5,-0.002396,0.000889,-0.003078,-0.009675,0.010265,0.007009,0.099419,0.050000,0.198837,0.099419,0.050000,0.198837,1.000000,1.000000,-0.998870,-1.000000,0.171000,0.008600,0.001710,1.000000,0.171000,0.008600,0.001710,1.000000,0.171000,0.008600,0.001710,0.171000,0.008600,0.001710,1,1,1,1,1,1,1,1,1,1,1,1
1778955900.090513,35472,0.6,-0.002932,-0.000693,-0.003309,-0.007854,0.012106,0.009933,0.099419,0.050000,0.198837,0.099419,0.050000,0.198837,1.000000,1.000000,-0.999113,-1.000000,0.171000,0.008600,0.001710,1.000000,0.171000,0.008600,0.001710,1.000000,0.171000,0.008600,0.001710,0.171000,0.008600,0.001710,1,1,1,1,1,1,1,1,1,1,1,1
1778955900.291893,35692,0.1,-0.003298,-0.002013,-0.002022,-0.001913,0.011917,0.007952,0.099419,0.050000,0.198837,0.099419,0.050000,0.198837,1.000000,1.000000,-0.999460,-1.000000,0.171000,0.008600,0.001710,1.000000,0.171000,0.008600,0.001710,1.000000,0.171000,0.008600,0.001710,0.171000,0.008600,0.001710,1,1,1,1,1,1,1,1,1,1,1,1
1778955900.490371,35872,0.6,-0.003213,-0.002805,0.003078,-0.003684,0.006560,0.012100,0.099419,0.050000,0.198837,0.099419,0.050000,0.198837,1.000000,1.000000,-0.999466,-1.000000,0.171000,0.008600,0.001710,1.000000,0.171000,0.008600,0.001710,1.000000,0.171000,0.008600,0.001710,0.171000,0.008600,0.001710,1,1,1,1,1,1,1,1,1,1,1,1
1778955900.691859,36092,0.1,-0.002272,-0.003327,0.008536,-0.000113,-0.001720,0.010093,0.099419,0.050000,0.198837,0.099419,0.050000,0.198837,1.000000,1.000000,-0.999577,-1.000000,0.171000,0.008600,0.001710,1.000000,0.171000,0.008600,0.001710,1.000000,0.171000,0.008600,0.001710,0.171000,0.008600,0.001710,1,1,1,1,1,1,1,1,1,1,1,1
1778955900.893387,36292,0.1,-0.000666,-0.002961,0.010028,0.001211,-0.008029,0.007672,0.099419,0.050000,0.198837,0.099419,0.050000,0.198837,1.000000,1.000000,-0.999492,-1.000000,0.171000,0.008600,0.001710,1.000000,0.171000,0.008600,0.001710,1.000000,0.171000,0.008600,0.001710,0.171000,0.008600,0.001710,1,1,1,1,1,1,1,1,1,1,1,1
1778955901.091632,36492,0.1,0.000939,-0.002880,0.007818,-0.001158,-0.010637,0.009800,0.099419,0.050000,0.198837,0.099419,0.050000,0.198837,1.000000,1.000000,-0.999316,-1.000000,0.171000,0.008600,0.001710,1.000000,0.171000,0.008600,0.001710,1.000000,0.171000,0.008600,0.001710,0.171000,0.008600,0.001710,1,1,1,1,1,1,1,1,1,1,1,1
1778955901.291835,36692,0.1,0.002498,-0.002867,0.004113,0.002317,-0.011606,0.006284,0.099419,0.050000,0.198837,0.099419,0.050000,0.198837,1.000000,1.000000,-0.999410,-1.000000,0.171000,0.008600,0.001710,1.000000,0.171000,0.008600,0.001710,1.000000,0.171000,0.008600,0.001710,0.171000,0.008600,0.001710,1,1,1,1,1,1,1,1,1,1,1,1
1778955901.491884,36892,0.1,0.003278,-0.002202,0.000684,0.003858,-0.010517,0.002746,0.099419,0.050000,0.198837,0.099419,0.050000,0.198837,1.000000,1.000000,-0.999501,-1.000000,0.171000,0.008600,0.001710,1.000000,0.171000,0.008600,0.001710,1.000000,0.171000,0.008600,0.001710,0.171000,0.008600,0.001710,1,1,1,1,1,1,1,1,1,1,1,1
1778955901.690927,37072,0.6,0.003439,-0.001281,0.001164,0.007193,-0.011481,-0.003350,0.099419,0.050000,0.198837,0.099419,0.050000,0.198837,1.000000,1.000000,-0.999534,-1.000000,0.171000,0.008600,0.001710,1.000000,0.171000,0.008600,0.001710,1.000000,0.171000,0.008600,0.001710,0.171000,0.008600,0.001710,1,1,1,1,1,1,1,1,1,1,1,1
1778955901.891912,37292,0.1,0.003211,0.000023,-0.003701,0.004825,-0.005932,-0.004895,0.099419,0.050000,0.198837,0.099419,0.050000,0.198837,1.000000,1.000000,-0.999529,-1.000000,0.171000,0.008600,0.001710,1.000000,0.171000,0.008600,0.001710,1.000000,0.171000,0.008600,0.001710,0.171000,0.008600,0.001710,1,1,1,1,1,1,1,1,1,1,1,1
1778955902.091206,37472,0.7,0.002556,0.000615,-0.006626,0.000944,-0.001042,-0.002789,0.099419,0.050000,0.198837,0.099419,0.050000,0.198837,1.000000,1.000000,-0.999449,-1.000000,0.171000,0.008600,0.001710,1.000000,0.171000,0.008600,0.001710,1.000000,0.171000,0.008600,0.001710,0.171000,0.008600,0.001710,1,1,1,1,1,1,1,1,1,1,1,1
1778955902.293511,37692,0.1,0.001576,0.000599,-0.005576,-0.000095,0.000848,-0.001700,0.099419,0.050000,0.198837,0.099419,0.050000,0.198837,1.000000,1.000000,-0.999434,-1.000000,0.171000,0.008600,0.001710,1.000000,0.171000,0.008600,0.001710,1.000000,0.171000,0.008600,0.001710,0.171000,0.008600,0.001710,1,1,1,1,1,1,1,1,1,1,1,1
1778955902.494178,37892,0.1,0.000746,0.000347,-0.004412,0.000416,0.002174,-0.001458,0.099419,0.050000,0.198837,0.099419,0.050000,0.198837,1.000000,1.000000,-0.999460,-1.000000,0.171000,0.008600,0.001710,1.000000,0.171000,0.008600,0.001710,1.000000,0.171000,0.008600,0.001710,0.171000,0.008600,0.001710,1,1,1,1,1,1,1,1,1,1,1,1
1778955902.693418,38092,0.1,-0.000161,0.000237,-0.006147,-0.000577,0.006628,-0.000135,0.099419,0.050000,0.198837,0.099419,0.050000,0.198837,1.000000,1.000000,-0.999410,-1.000000,0.171000,0.008600,0.001710,1.000000,0.171000,0.008600,0.001710,1.000000,0.171000,0.008600,0.001710,0.171000,0.008600,0.001710,1,1,1,1,1,1,1,1,1,1,1,1
1778955902.894321,38292,0.1,-0.001094,0.000012,-0.004135,-0.000777,0.007418,0.000742,0.099419,0.050000,0.198837,0.099419,0.050000,0.198837,1.000000,1.000000,-0.999414,-1.000000,0.171000,0.008600,0.001710,1.000000,0.171000,0.008600,0.001710,1.000000,0.171000,0.008600,0.001710,0.171000,0.008600,0.001710,1,1,1,1,1,1,1,1,1,1,1,1
1778955903.093811,38492,0.1,-0.001577,-0.000106,-0.002786,-0.001166,0.007517,0.001484,0.099419,0.050000,0.198837,0.099419,0.050000,0.198837,1.000000,1.000000,-0.999407,-1.000000,0.171000,0.008600,0.001710,1.000000,0.171000,0.008600,0.001710,1.000000,0.171000,0.008600,0.001710,0.171000,0.008600,0.001710,1,1,1,1,1,1,1,1,1,1,1,1
1778955903.293569,38692,0.1,-0.002158,-0.000114,-0.002113,-0.000695,0.008586,0.001038,0.099419,0.050000,0.198837,0.099419,0.050000,0.198837,1.000000,1.000000,-0.999422,-1.000000,0.171000,0.008600,0.001710,1.000000,0.171000,0.008600,0.001710,1.000000,0.171000,0.008600,0.001710,0.171000,0.008600,0.001710,1,1,1,1,1,1,1,1,1,1,1,1
1778955903.492263,38892,0.1,-0.002243,-0.000048,-0.000791,0.002041,0.007521,-0.001896,0.099419,0.050000,0.198837,0.099419,0.050000,0.198837,1.000000,1.000000,-0.999516,-1.000000,0.171000,0.008600,0.001710,1.000000,0.171000,0.008600,0.001710,1.000000,0.171000,0.008600,0.001710,0.171000,0.008600,0.001710,1,1,1,1,1,1,1,1,1,1,1,1
1778955903.692256,39092,0.1,-0.002384,0.000340,-0.000780,0.001318,0.007931,-0.002338,0.099419,0.050000,0.198837,0.099419,0.050000,0.198837,1.000000,1.000000,-0.999474,-1.000000,0.171000,0.008600,0.001710,1.000000,0.171000,0.008600,0.001710,1.000000,0.171000,0.008600,0.001710,0.171000,0.008600,0.001710,1,1,1,1,1,1,1,1,1,1,1,1
1778955903.892771,39292,0.1,-0.002459,0.000461,-0.000157,-0.001411,0.007535,0.000028,0.099419,0.050000,0.198837,0.099419,0.050000,0.198837,1.000000,1.000000,-0.999371,-1.000000,0.171000,0.008600,0.001710,1.000000,0.171000,0.008600,0.001710,1.000000,0.171000,0.008600,0.001710,0.171000,0.008600,0.001710,1,1,1,1,1,1,1,1,1,1,1,1
1778955904.093938,39492,0.1,-0.002328,0.000130,0.001208,-0.003179,0.005775,0.002788,0.099419,0.050000,0.198837,0.099419,0.050000,0.198837,1.000000,1.000000,-0.999328,-1.000000,0.171000,0.008600,0.001710,1.000000,0.171000,0.008600,0.001710,1.000000,0.171000,0.008600,0.001710,0.171000,0.008600,0.001710,1,1,1,1,1,1,1,1,1,1,1,1
1778955904.293509,39692,0.1,-0.001518,-0.000083,0.005707,-0.000150,-0.001152,0.000397,0.099419,0.050000,0.198837,0.099419,0.050000,0.198837,1.000000,1.000000,-0.999487,-1.000000,0.171000,0.008600,0.001710,1.000000,0.171000,0.008600,0.001710,1.000000,0.171000,0.008600,0.001710,0.171000,0.008600,0.001710,1,1,1,1,1,1,1,1,1,1,1,1
1778955904.492689,39892,0.1,-0.000260,-0.000046,0.007578,-0.002386,-0.006798,0.002525,0.099419,0.050000,0.198837,0.099419,0.050000,0.198837,1.000000,1.000000,-0.999434,-1.000000,0.171000,0.008600,0.001710,1.000000,0.171000,0.008600,0.001710,1.000000,0.171000,0.008600,0.001710,0.171000,0.008600,0.001710,1,1,1,1,1,1,1,1,1,1,1,1
1778955904.691019,40072,0.3,0.001196,-0.000033,0.008812,0.001212,-0.012399,-0.001113,0.099419,0.050000,0.198837,0.099419,0.050000,0.198837,1.000000,1.000000,-0.999457,-1.000000,0.171000,0.008600,0.001710,1.000000,0.171000,0.008600,0.001710,1.000000,0.171000,0.008600,0.001710,0.171000,0.008600,0.001710,1,1,1,1,1,1,1,1,1,1,1,1
1778955904.895344,40292,0.1,0.002960,0.000239,0.007005,0.000172,-0.015887,-0.000890,0.099419,0.050000,0.198837,0.099419,0.050000,0.198837,1.000000,1.000000,-0.999351,-1.000000,0.171000,0.008600,0.001710,1.000000,0.171000,0.008600,0.001710,1.000000,0.171000,0.008600,0.001710,0.171000,0.008600,0.001710,1,1,1,1,1,1,1,1,1,1,1,1
1778955905.093071,40492,0.1,0.004068,0.000859,0.006565,0.004691,-0.018770,-0.007269,0.099419,0.050000,0.198837,0.099419,0.050000,0.198837,1.000000,1.000000,-0.999360,-1.000000,0.171000,0.008600,0.001710,1.000000,0.171000,0.008600,0.001710,1.000000,0.171000,0.008600,0.001710,0.171000,0.008600,0.001710,1,1,1,1,1,1,1,1,1,1,1,1
1778955905.295167,40692,0.3,0.005121,0.001615,0.003731,0.001420,-0.019095,-0.006264,0.099419,0.050000,0.198837,0.099419,0.050000,0.198837,1.000000,1.000000,-0.999246,-1.000000,0.171000,0.008600,0.001710,1.000000,0.171000,0.008600,0.001710,1.000000,0.171000,0.008600,0.001710,0.171000,0.008600,0.001710,1,1,1,1,1,1,1,1,1,1,1,1
1778955905.493587,40892,0.1,0.005055,0.002144,-0.004030,0.000287,-0.011135,-0.006718,0.099419,0.050000,0.198837,0.099419,0.050000,0.198837,1.000000,1.000000,-0.999301,-1.000000,0.171000,0.008600,0.001710,1.000000,0.171000,0.008600,0.001710,1.000000,0.171000,0.008600,0.001710,0.171000,0.008600,0.001710,1,1,1,1,1,1,1,1,1,1,1,1
1778955905.695197,41092,0.1,0.003923,0.002234,-0.005970,-0.000756,-0.005800,-0.005945,0.099419,0.050000,0.198837,0.099419,0.050000,0.198837,1.000000,1.000000,-0.999292,-1.000000,0.171000,0.008600,0.001710,1.000000,0.171000,0.008600,0.001710,1.000000,0.171000,0.008600,0.001710,0.171000,0.008600,0.001710,1,1,1,1,1,1,1,1,1,1,1,1
1778955905.895718,41292,0.1,0.002574,0.001876,-0.006621,-0.002011,-0.001101,-0.003615,0.099419,0.050000,0.198837,0.099419,0.050000,0.198837,1.000000,1.000000,-0.999292,-1.000000,0.171000,0.008600,0.001710,1.000000,0.171000,0.008600,0.001710,1.000000,0.171000,0.008600,0.001710,0.171000,0.008600,0.001710,1,1,1,1,1,1,1,1,1,1,1,1
1778955906.094339,41492,0.1,0.001360,0.001477,-0.006959,-0.002139,0.002879,-0.002291,0.099419,0.050000,0.198837,0.099419,0.050000,0.198837,1.000000,1.000000,-0.999291,-1.000000,0.171000,0.008600,0.001710,1.000000,0.171000,0.008600,0.001710,1.000000,0.171000,0.008600,0.001710,0.171000,0.008600,0.001710,1,1,1,1,1,1,1,1,1,1,1,1
1778955906.294170,41692,0.1,0.000056,0.001246,-0.006128,-0.002499,0.005961,-0.001240,0.099419,0.050000,0.198837,0.099419,0.050000,0.198837,1.000000,1.000000,-0.999275,-1.000000,0.171000,0.008600,0.001710,1.000000,0.171000,0.008600,0.001710,1.000000,0.171000,0.008600,0.001710,0.171000,0.008600,0.001710,1,1,1,1,1,1,1,1,1,1,1,1
1778955906.495679,41892,0.1,-0.000957,0.001044,-0.004725,-0.003054,0.007596,-0.000077,0.099419,0.050000,0.198837,0.099419,0.050000,0.198837,1.000000,1.000000,-0.999257,-1.000000,0.171000,0.008600,0.001710,1.000000,0.171000,0.008600,0.001710,1.000000,0.171000,0.008600,0.001710,0.171000,0.008600,0.001710,1,1,1,1,1,1,1,1,1,1,1,1
1778955906.693716,42092,0.1,-0.001760,0.000869,-0.002148,-0.001209,0.007427,-0.001399,0.099419,0.050000,0.198837,0.099419,0.050000,0.198837,1.000000,1.000000,-0.999353,-1.000000,0.171000,0.008600,0.001710,1.000000,0.171000,0.008600,0.001710,1.000000,0.171000,0.008600,0.001710,0.171000,0.008600,0.001710,1,1,1,1,1,1,1,1,1,1,1,1
1778955906.896120,42292,0.1,-0.001648,0.000925,0.004676,-0.000017,0.000269,-0.002757,0.099419,0.050000,0.198837,0.099419,0.050000,0.198837,1.000000,1.000000,-0.999437,-1.000000,0.171000,0.008600,0.001710,1.000000,0.171000,0.008600,0.001710,1.000000,0.171000,0.008600,0.001710,0.171000,0.008600,0.001710,1,1,1,1,1,1,1,1,1,1,1,1
1778955907.092327,42492,0.0,-0.000752,0.001053,0.004443,0.000840,-0.002187,-0.004001,0.099419,0.050000,0.198837,0.099419,0.050000,0.198837,1.000000,1.000000,-0.999441,-1.000000,0.171000,0.008600,0.001710,1.000000,0.171000,0.008600,0.001710,1.000000,0.171000,0.008600,0.001710,0.171000,0.008600,0.001710,1,1,1,1,1,1,1,1,1,1,1,1
1778955907.294716,42692,0.1,-0.000115,0.001292,0.000398,0.000664,-0.000052,-0.004539,0.099419,0.050000,0.198837,0.099419,0.050000,0.198837,1.000000,1.000000,-0.999423,-1.000000,0.171000,0.008600,0.001710,1.000000,0.171000,0.008600,0.001710,1.000000,0.171000,0.008600,0.001710,0.171000,0.008600,0.001710,1,1,1,1,1,1,1,1,1,1,1,1
1778955907.494165,42892,0.1,-0.000342,0.001114,-0.003783,-0.002774,0.004807,-0.000568,0.099419,0.050000,0.198837,0.099419,0.050000,0.198837,1.000000,1.000000,-0.999281,-1.000000,0.171000,0.008600,0.001710,1.000000,0.171000,0.008600,0.001710,1.000000,0.171000,0.008600,0.001710,0.171000,0.008600,0.001710,1,1,1,1,1,1,1,1,1,1,1,1
1778955907.695742,43092,0.1,-0.001033,0.000722,-0.005857,-0.000177,0.008955,-0.001988,0.099419,0.050000,0.198837,0.099419,0.050000,0.198837,1.000000,1.000000,-0.999390,-1.000000,0.171000,0.008600,0.001710,1.000000,0.171000,0.008600,0.001710,1.000000,0.171000,0.008600,0.001710,0.171000,0.008600,0.001710,1,1,1,1,1,1,1,1,1,1,1,1
1778955907.896271,43292,0.2,-0.002135,-0.000078,-0.007201,-0.007253,0.013607,0.007486,0.099419,0.050000,0.198837,0.099419,0.050000,0.198837,1.000000,1.000000,-0.999079,-1.000000,0.171000,0.008600,0.001710,1.000000,0.171000,0.008600,0.001710,1.000000,0.171000,0.008600,0.001710,0.171000,0.008600,0.001710,1,1,1,1,1,1,1,1,1,1,1,1
1778955908.095935,43492,0.2,-0.003379,-0.001439,-0.004770,-0.008782,0.014906,0.013099,0.099419,0.050000,0.198837,0.099419,0.050000,0.198837,1.000000,1.000000,-0.999099,-1.000000,0.171000,0.008600,0.001710,1.000000,0.171000,0.008600,0.001710,1.000000,0.171000,0.008600,0.001710,0.171000,0.008600,0.001710,1,1,1,1,1,1,1,1,1,1,1,1
1778955908.295455,43692,0.2,-0.004171,-0.002884,-0.004201,-0.005868,0.016713,0.014519,0.099419,0.050000,0.198837,0.099419,0.050000,0.198837,1.000000,1.000000,-0.999326,-1.000000,0.171000,0.008600,0.001710,1.000000,0.171000,0.008600,0.001710,1.000000,0.171000,0.008600,0.001710,0.171000,0.008600,0.001710,1,1,1,1,1,1,1,1,1,1,1,1
1778955908.495001,43892,0.1,-0.004101,-0.003716,0.002645,-0.002657,0.009658,0.013805,0.099419,0.050000,0.198837,0.099419,0.050000,0.198837,1.000000,1.000000,-0.999521,-1.000000,0.171000,0.008600,0.001710,1.000000,0.171000,0.008600,0.001710,1.000000,0.171000,0.008600,0.001710,0.171000,0.008600,0.001710,1,1,1,1,1,1,1,1,1,1,1,1
1778955908.696023,44092,0.1,-0.003257,-0.003669,0.007082,0.002917,0.002688,0.008090,0.099419,0.050000,0.198837,0.099419,0.050000,0.198837,1.000000,1.000000,-0.999665,-1.000000,0.171000,0.008600,0.001710,1.000000,0.171000,0.008600,0.001710,1.000000,0.171000,0.008600,0.001710,0.171000,0.008600,0.001710,1,1,1,1,1,1,1,1,1,1,1,1
1778955908.896362,44292,0.1,-0.001692,-0.002517,0.008670,0.007850,-0.003593,-0.000299,0.099419,0.050000,0.198837,0.099419,0.050000,0.198837,1.000000,1.000000,-0.999668,-1.000000,0.171000,0.008600,0.001710,1.000000,0.171000,0.008600,0.001710,1.000000,0.171000,0.008600,0.001710,0.171000,0.008600,0.001710,1,1,1,1,1,1,1,1,1,1,1,1
1778955909.094931,44492,0.1,-0.000112,-0.000608,0.007249,0.012165,-0.006914,-0.010342,0.099419,0.050000,0.198837,0.099419,0.050000,0.198837,1.000000,1.000000,-0.999658,-1.000000,0.171000,0.008600,0.001710,1.000000,0.171000,0.008600,0.001710,1.000000,0.171000,0.008600,0.001710,0.171000,0.008600,0.001710,1,1,1,1,1,1,1,1,1,1,1,1
1778955909.293921,44692,0.0,0.000735,0.001601,0.001419,0.011117,-0.003624,-0.015918,0.099419,0.050000,0.198837,0.099419,0.050000,0.198837,1.000000,1.000000,-0.999554,-1.000000,0.171000,0.008600,0.001710,1.000000,0.171000,0.008600,0.001710,1.000000,0.171000,0.008600,0.001710,0.171000,0.008600,0.001710,1,1,1,1,1,1,1,1,1,1,1,1
1778955909.496237,44892,0.1,0.001275,0.003098,0.003331,0.005048,-0.007155,-0.014343,0.099419,0.050000,0.198837,0.099419,0.050000,0.198837,1.000000,1.000000,-0.999365,-1.000000,0.171000,0.008600,0.001710,1.000000,0.171000,0.008600,0.001710,1.000000,0.171000,0.008600,0.001710,0.171000,0.008600,0.001710,1,1,1,1,1,1,1,1,1,1,1,1
1778955909.696353,45092,0.1,0.002299,0.003724,0.007310,0.000322,-0.014207,-0.011495,0.099419,0.050000,0.198837,0.099419,0.050000,0.198837,1.000000,1.000000,-0.999195,-1.000000,0.171000,0.008600,0.001710,1.000000,0.171000,0.008600,0.001710,1.000000,0.171000,0.008600,0.001710,0.171000,0.008600,0.001710,1,1,1,1,1,1,1,1,1,1,1,1
1778955909.897266,45292,0.1,0.003581,0.003542,0.006594,-0.001024,-0.017338,-0.009603,0.099419,0.050000,0.198837,0.099419,0.050000,0.198837,1.000000,1.000000,-0.999159,-1.000000,0.171000,0.008600,0.001710,1.000000,0.171000,0.008600,0.001710,1.000000,0.171000,0.008600,0.001710,0.171000,0.008600,0.001710,1,1,1,1,1,1,1,1,1,1,1,1
1778955910.097275,45492,0.1,0.004643,0.002969,0.003248,-0.005026,-0.017176,-0.003882,0.099419,0.050000,0.198837,0.099419,0.050000,0.198837,1.000000,1.000000,-0.999097,-1.000000,0.171000,0.008600,0.001710,1.000000,0.171000,0.008600,0.001710,1.000000,0.171000,0.008600,0.001710,0.171000,0.008600,0.001710,1,1,1,1,1,1,1,1,1,1,1,1
1778955910.294502,45692,0.0,0.004974,0.001745,0.000743,-0.007457,-0.015667,0.002223,0.099419,0.050000,0.198837,0.099419,0.050000,0.198837,1.000000,1.000000,-0.999019,-1.000000,0.171000,0.008600,0.001710,1.000000,0.171000,0.008600,0.001710,1.000000,0.171000,0.008600,0.001710,0.171000,0.008600,0.001710,1,1,1,1,1,1,1,1,1,1,1,1
1778955910.493957,45892,0.0,0.004615,0.000387,-0.005357,-0.003646,-0.008489,0.002487,0.099419,0.050000,0.198837,0.099419,0.050000,0.198837,1.000000,1.000000,-0.999329,-1.000000,0.171000,0.008600,0.001710,1.000000,0.171000,0.008600,0.001710,1.000000,0.171000,0.008600,0.001710,0.171000,0.008600,0.001710,1,1,1,1,1,1,1,1,1,1,1,1
1778955910.696843,46092,0.1,0.003440,-0.000665,-0.007057,-0.005723,-0.003264,0.007718,0.099419,0.050000,0.198837,0.099419,0.050000,0.198837,1.000000,1.000000,-0.999297,-1.000000,0.171000,0.008600,0.001710,1.000000,0.171000,0.008600,0.001710,1.000000,0.171000,0.008600,0.001710,0.171000,0.008600,0.001710,1,1,1,1,1,1,1,1,1,1,1,1
1778955910.897861,46292,0.1,0.002039,-0.001909,-0.006549,-0.007438,0.000432,0.013165,0.099419,0.050000,0.198837,0.099419,0.050000,0.198837,1.000000,1.000000,-0.999281,-1.000000,0.171000,0.008600,0.001710,1.000000,0.171000,0.008600,0.001710,1.000000,0.171000,0.008600,0.001710,0.171000,0.008600,0.001710,1,1,1,1,1,1,1,1,1,1,1,1
1778955911.097314,46492,0.1,0.000379,-0.003182,-0.009938,-0.006058,0.008802,0.015603,0.099419,0.050000,0.198837,0.099419,0.050000,0.198837,1.000000,1.000000,-0.999370,-1.000000,0.171000,0.008600,0.001710,1.000000,0.171000,0.008600,0.001710,1.000000,0.171000,0.008600,0.001710,0.171000,0.008600,0.001710,1,1,1,1,1,1,1,1,1,1,1,1
1778955911.296834,46692,0.1,-0.001433,-0.003815,-0.006809,-0.001272,0.011108,0.012718,0.099419,0.050000,0.198837,0.099419,0.050000,0.198837,1.000000,1.000000,-0.999553,-1.000000,0.171000,0.008600,0.001710,1.000000,0.171000,0.008600,0.001710,1.000000,0.171000,0.008600,0.001710,0.171000,0.008600,0.001710,1,1,1,1,1,1,1,1,1,1,1,1
1778955911.497284,46892,0.2,-0.002853,-0.003725,-0.006141,0.002181,0.014700,0.008993,0.099419,0.050000,0.198837,0.099419,0.050000,0.198837,1.000000,1.000000,-0.999624,-1.000000,0.171000,0.008600,0.001710,1.000000,0.171000,0.008600,0.001710,1.000000,0.171000,0.008600,0.001710,0.171000,0.008600,0.001710,1,1,1,1,1,1,1,1,1,1,1,1
1778955911.697383,47092,0.2,-0.003971,-0.003159,-0.005488,0.003384,0.017402,0.006092,0.099419,0.050000,0.198837,0.099419,0.050000,0.198837,1.000000,1.000000,-0.999626,-1.000000,0.171000,0.008600,0.001710,1.000000,0.171000,0.008600,0.001710,1.000000,0.171000,0.008600,0.001710,0.171000,0.008600,0.001710,1,1,1,1,1,1,1,1,1,1,1,1
1778955911.898100,47292,0.2,-0.004209,-0.002652,0.002414,0.001052,0.010213,0.006904,0.099419,0.050000,0.198837,0.099419,0.050000,0.198837,1.000000,1.000000,-0.999585,-1.000000,0.171000,0.008600,0.001710,1.000000,0.171000,0.008600,0.001710,1.000000,0.171000,0.008600,0.001710,0.171000,0.008600,0.001710,1,1,1,1,1,1,1,1,1,1,1,1
1778955912.096669,47492,0.1,-0.003519,-0.001932,0.005609,0.005747,0.004948,0.000048,0.099419,0.050000,0.198837,0.099419,0.050000,0.198837,1.000000,1.000000,-0.999665,-1.000000,0.171000,0.008600,0.001710,1.000000,0.171000,0.008600,0.001710,1.000000,0.171000,0.008600,0.001710,0.171000,0.008600,0.001710,1,1,1,1,1,1,1,1,1,1,1,1
1778955912.296597,47692,0.1,-0.002695,-0.000907,0.003502,0.007501,0.004583,-0.004781,0.099419,0.050000,0.198837,0.099419,0.050000,0.198837,1.000000,1.000000,-0.999642,-1.000000,0.171000,0.008600,0.001710,1.000000,0.171000,0.008600,0.001710,1.000000,0.171000,0.008600,0.001710,0.171000,0.008600,0.001710,1,1,1,1,1,1,1,1,1,1,1,1
1778955912.496322,47892,0.1,-0.001917,0.000528,0.002500,0.007078,0.003250,-0.008662,0.099419,0.050000,0.198837,0.099419,0.050000,0.198837,1.000000,1.000000,-0.999573,-1.000000,0.171000,0.008600,0.001710,1.000000,0.171000,0.008600,0.001710,1.000000,0.171000,0.008600,0.001710,0.171000,0.008600,0.001710,1,1,1,1,1,1,1,1,1,1,1,1
1778955912.698626,48092,0.1,-0.001031,0.002099,0.006142,0.007645,-0.003049,-0.013942,0.099419,0.050000,0.198837,0.099419,0.050000,0.198837,1.000000,1.000000,-0.999490,-1.000000,0.171000,0.008600,0.001710,1.000000,0.171000,0.008600,0.001710,1.000000,0.171000,0.008600,0.001710,0.171000,0.008600,0.001710,1,1,1,1,1,1,1,1,1,1,1,1
1778955912.897814,48292,0.1,0.000237,0.003429,0.007510,0.006719,-0.008221,-0.017007,0.099419,0.050000,0.198837,0.099419,0.050000,0.198837,1.000000,1.000000,-0.999380,-1.000000,0.171000,0.008600,0.001710,1.000000,0.171000,0.008600,0.001710,1.000000,0.171000,0.008600,0.001710,0.171000,0.008600,0.001710,1,1,1,1,1,1,1,1,1,1,1,1
1778955913.098202,48492,0.2,0.001419,0.004164,0.006372,0.001030,-0.010630,-0.013521,0.099419,0.050000,0.198837,0.099419,0.050000,0.198837,1.000000,1.000000,-0.999190,-1.000000,0.171000,0.008600,0.001710,1.000000,0.171000,0.008600,0.001710,1.000000,0.171000,0.008600,0.001710,0.171000,0.008600,0.001710,1,1,1,1,1,1,1,1,1,1,1,1
1778955913.298413,48692,0.1,0.002443,0.004222,0.004728,0.000003,-0.012058,-0.012670,0.099419,0.050000,0.198837,0.099419,0.050000,0.198837,1.000000,1.000000,-0.999147,-1.000000,0.171000,0.008600,0.001710,1.000000,0.171000,0.008600,0.001710,1.000000,0.171000,0.008600,0.001710,0.171000,0.008600,0.001710,1,1,1,1,1,1,1,1,1,1,1,1
1778955913.498827,48892,0.1,0.003299,0.003811,0.003316,-0.003134,-0.013212,-0.008298,0.099419,0.050000,0.198837,0.099419,0.050000,0.198837,1.000000,1.000000,-0.999091,-1.000000,0.171000,0.008600,0.001710,1.000000,0.171000,0.008600,0.001710,1.000000,0.171000,0.008600,0.001710,0.171000,0.008600,0.001710,1,1,1,1,1,1,1,1,1,1,1,1
1778955913.698323,49092,0.1,0.003816,0.003434,0.001884,-0.001839,-0.013332,-0.008464,0.099419,0.050000,0.198837,0.099419,0.050000,0.198837,1.000000,1.000000,-0.999154,-1.000000,0.171000,0.008600,0.001710,1.000000,0.171000,0.008600,0.001710,1.000000,0.171000,0.008600,0.001710,0.171000,0.008600,0.001710,1,1,1,1,1,1,1,1,1,1,1,1
1778955913.899050,49292,0.1,0.003666,0.003050,-0.003620,-0.001804,-0.007378,-0.007346,0.099419,0.050000,0.198837,0.099419,0.050000,0.198837,1.000000,1.000000,-0.999203,-1.000000,0.171000,0.008600,0.001710,1.000000,0.171000,0.008600,0.001710,1.000000,0.171000,0.008600,0.001710,0.171000,0.008600,0.001710,1,1,1,1,1,1,1,1,1,1,1,1
1778955914.098679,49492,0.1,0.003377,0.002702,-0.000508,-0.003084,-0.009624,-0.005023,0.099419,0.050000,0.198837,0.099419,0.050000,0.198837,1.000000,1.000000,-0.999200,-1.000000,0.171000,0.008600,0.001710,1.000000,0.171000,0.008600,0.001710,1.000000,0.171000,0.008600,0.001710,0.171000,0.008600,0.001710,1,1,1,1,1,1,1,1,1,1,1,1
1778955914.298235,49692,0.1,0.003407,0.002221,-0.000219,-0.003659,-0.010000,-0.003003,0.099419,0.050000,0.198837,0.099419,0.050000,0.198837,1.000000,1.000000,-0.999225,-1.000000,0.171000,0.008600,0.001710,1.000000,0.171000,0.008600,0.001710,1.000000,0.171000,0.008600,0.001710,0.171000,0.008600,0.001710,1,1,1,1,1,1,1,1,1,1,1,1
1778955914.496201,49892,0.1,0.003262,0.001655,-0.001306,-0.003895,-0.008479,-0.001070,0.099419,0.050000,0.198837,0.099419,0.050000,0.198837,1.000000,1.000000,-0.999268,-1.000000,0.171000,0.008600,0.001710,1.000000,0.171000,0.008600,0.001710,1.000000,0.171000,0.008600,0.001710,0.171000,0.008600,0.001710,1,1,1,1,1,1,1,1,1,1,1,1
1778955914.699388,50092,0.2,0.002594,0.001106,-0.004677,-0.004602,-0.003104,0.001285,0.099419,0.050000,0.198837,0.099419,0.050000,0.198837,1.000000,1.000000,-0.999237,-1.000000,0.171000,0.008600,0.001710,1.000000,0.171000,0.008600,0.001710,1.000000,0.171000,0.008600,0.001710,0.171000,0.008600,0.001710,1,1,1,1,1,1,1,1,1,1,1,1
1778955914.898590,50292,0.1,0.001230,0.000207,-0.007381,-0.005893,0.003691,0.005272,0.099419,0.050000,0.198837,0.099419,0.050000,0.198837,1.000000,1.000000,-0.999192,-1.000000,0.171000,0.008600,0.001710,1.000000,0.171000,0.008600,0.001710,1.000000,0.171000,0.008600,0.001710,0.171000,0.008600,0.001710,1,1,1,1,1,1,1,1,1,1,1,1
1778955915.099191,50492,0.1,-0.000224,-0.000895,-0.006126,-0.006541,0.006797,0.009226,0.099419,0.050000,0.198837,0.099419,0.050000,0.198837,1.000000,1.000000,-0.999223,-1.000000,0.171000,0.008600,0.001710,1.000000,0.171000,0.008600,0.001710,1.000000,0.171000,0.008600,0.001710,0.171000,0.008600,0.001710,1,1,1,1,1,1,1,1,1,1,1,1
1778955915.299875,50692,0.1,-0.001315,-0.002021,-0.004449,-0.006962,0.008393,0.013023,0.099419,0.050000,0.198837,0.099419,0.050000,0.198837,1.000000,1.000000,-0.999273,-1.000000,0.171000,0.008600,0.001710,1.000000,0.171000,0.008600,0.001710,1.000000,0.171000,0.008600,0.001710,0.171000,0.008600,0.001710,1,1,1,1,1,1,1,1,1,1,1,1
1778955915.498405,50892,0.1,-0.002106,-0.003212,-0.002053,-0.008980,0.008371,0.018615,0.099419,0.050000,0.198837,0.099419,0.050000,0.198837,1.000000,1.000000,-0.999261,-1.000000,0.171000,0.008600,0.001710,1.000000,0.171000,0.008600,0.001710,1.000000,0.171000,0.008600,0.001710,0.171000,0.008600,0.001710,1,1,1,1,1,1,1,1,1,1,1,1
1778955915.699826,51092,0.1,-0.002302,-0.004532,0.000662,-0.005104,0.006244,0.018699,0.099419,0.050000,0.198837,0.099419,0.050000,0.198837,1.000000,1.000000,-0.999476,-1.000000,0.171000,0.008600,0.001710,1.000000,0.171000,0.008600,0.001710,1.000000,0.171000,0.008600,0.001710,0.171000,0.008600,0.001710,1,1,1,1,1,1,1,1,1,1,1,1
1778955915.897418,51292,0.1,-0.001810,-0.005037,0.005359,-0.002414,0.000071,0.017526,0.099419,0.050000,0.198837,0.099419,0.050000,0.198837,1.000000,1.000000,-0.999446,-1.000000,0.171000,0.008600,0.001710,1.000000,0.171000,0.008600,0.001710,1.000000,0.171000,0.008600,0.001710,0.171000,0.008600,0.001710,1,1,1,1,1,1,1,1,1,1,1,1
1778955916.101375,51492,0.1,-0.000607,-0.004831,0.007469,0.003047,-0.005647,0.011446,0.099419,0.050000,0.198837,0.099419,0.050000,0.198837,1.000000,1.000000,-0.999500,-1.000000,0.171000,0.008600,0.001710,1.000000,0.171000,0.008600,0.001710,1.000000,0.171000,0.008600,0.001710,0.171000,0.008600,0.001710,1,1,1,1,1,1,1,1,1,1,1,1
1778955916.299416,51692,0.1,0.000432,-0.004031,0.003346,0.005498,-0.004643,0.006594,0.099419,0.050000,0.198837,0.099419,0.050000,0.198837,1.000000,1.000000,-0.999612,-1.000000,0.171000,0.008600,0.001710,1.000000,0.171000,0.008600,0.001710,1.000000,0.171000,0.008600,0.001710,0.171000,0.008600,0.001710,1,1,1,1,1,1,1,1,1,1,1,1
1778955916.500764,51892,0.1,0.000844,-0.002452,0.000779,0.009766,-0.003310,-0.002409,0.099419,0.050000,0.198837,0.099419,0.050000,0.198837,1.000000,1.000000,-0.999687,-1.000000,0.171000,0.008600,0.001710,1.000000,0.171000,0.008600,0.001710,1.000000,0.171000,0.008600,0.001710,0.171000,0.008600,0.001710,1,1,1,1,1,1,1,1,1,1,1,1
1778955916.698857,52092,0.1,0.000993,-0.000278,0.000265,0.011321,-0.003245,-0.010487,0.099419,0.050000,0.198837,0.099419,0.050000,0.198837,1.000000,1.000000,-0.999636,-1.000000,0.171000,0.008600,0.001710,1.000000,0.171000,0.008600,0.001710,1.000000,0.171000,0.008600,0.001710,0.171000,0.008600,0.001710,1,1,1,1,1,1,1,1,1,1,1,1
1778955916.902528,52292,0.1,0.000583,0.001591,-0.005875,0.007041,0.004127,-0.011815,0.099419,0.050000,0.198837,0.099419,0.050000,0.198837,1.000000,1.000000,-0.999509,-1.000000,0.171000,0.008600,0.001710,1.000000,0.171000,0.008600,0.001710,1.000000,0.171000,0.008600,0.001710,0.171000,0.008600,0.001710,1,1,1,1,1,1,1,1,1,1,1,1
1778955917.101172,52492,0.2,-0.000559,0.002997,-0.004478,0.006734,0.006156,-0.015724,0.099419,0.050000,0.198837,0.099419,0.050000,0.198837,1.000000,1.000000,-0.999435,-1.000000,0.171000,0.008600,0.001710,1.000000,0.171000,0.008600,0.001710,1.000000,0.171000,0.008600,0.001710,0.171000,0.008600,0.001710,1,1,1,1,1,1,1,1,1,1,1,1
1778955917.301008,52692,0.1,-0.001686,0.004380,-0.005995,0.006483,0.011054,-0.019623,0.099419,0.050000,0.198837,0.099419,0.050000,0.198837,1.000000,1.000000,-0.999359,-1.000000,0.171000,0.008600,0.001710,1.000000,0.171000,0.008600,0.001710,1.000000,0.171000,0.008600,0.001710,0.171000,0.008600,0.001710,1,1,1,1,1,1,1,1,1,1,1,1
1778955917.500510,52892,0.2,-0.002197,0.005078,-0.000607,0.002123,0.007196,-0.017358,0.099419,0.050000,0.198837,0.099419,0.050000,0.198837,1.000000,1.000000,-0.999211,-1.000000,0.171000,0.008600,0.001710,1.000000,0.171000,0.008600,0.001710,1.000000,0.171000,0.008600,0.001710,0.171000,0.008600,0.001710,1,1,1,1,1,1,1,1,1,1,1,1
1778955917.700567,53092,0.2,-0.002068,0.005238,0.001352,-0.002123,0.004852,-0.013591,0.099419,0.050000,0.198837,0.099419,0.050000,0.198837,1.000000,1.000000,-0.999015,-1.000000,0.171000,0.008600,0.001710,1.000000,0.171000,0.008600,0.001710,1.000000,0.171000,0.008600,0.001710,0.171000,0.008600,0.001710,1,1,1,1,1,1,1,1,1,1,1,1
1778955917.897695,53292,0.1,-0.001449,0.004366,0.002352,-0.008631,0.001994,-0.004466,0.099419,0.050000,0.198837,0.099419,0.050000,0.198837,1.000000,1.000000,-0.998658,-1.000000,0.171000,0.008600,0.001710,1.000000,0.171000,0.008600,0.001710,1.000000,0.171000,0.008600,0.001710,0.171000,0.008600,0.001710,1,1,1,1,1,1,1,1,1,1,1,1
1778955918.100971,53492,0.2,-0.000735,0.002764,0.006695,-0.009435,-0.004491,0.001143,0.099419,0.050000,0.198837,0.099419,0.050000,0.198837,1.000000,1.000000,-0.998844,-1.000000,0.171000,0.008600,0.001710,1.000000,0.171000,0.008600,0.001710,1.000000,0.171000,0.008600,0.001710,0.171000,0.008600,0.001710,1,1,1,1,1,1,1,1,1,1,1,1
1778955918.302026,53692,0.2,0.000136,0.000862,0.002728,-0.009179,-0.003137,0.006593,0.099419,0.050000,0.198837,0.099419,0.050000,0.198837,1.000000,1.000000,-0.999021,-1.000000,0.171000,0.008600,0.001710,1.000000,0.171000,0.008600,0.001710,1.000000,0.171000,0.008600,0.001710,0.171000,0.008600,0.001710,1,1,1,1,1,1,1,1,1,1,1,1
1778955918.501441,53892,0.2,0.000164,-0.000515,-0.004300,-0.003801,0.003807,0.005347,0.099419,0.050000,0.198837,0.099419,0.050000,0.198837,1.000000,1.000000,-0.999341,-1.000000,0.171000,0.008600,0.001710,1.000000,0.171000,0.008600,0.001710,1.000000,0.171000,0.008600,0.001710,0.171000,0.008600,0.001710,1,1,1,1,1,1,1,1,1,1,1,1
1778955918.698065,54092,0.1,-0.000584,-0.001242,-0.004417,-0.003808,0.006170,0.007533,0.099419,0.050000,0.198837,0.099419,0.050000,0.198837,1.000000,1.000000,-0.999371,-1.000000,0.171000,0.008600,0.001710,1.000000,0.171000,0.008600,0.001710,1.000000,0.171000,0.008600,0.001710,0.171000,0.008600,0.001710,1,1,1,1,1,1,1,1,1,1,1,1
1778955918.900610,54292,0.1,-0.001094,-0.001450,-0.002542,0.000274,0.005825,0.004074,0.099419,0.050000,0.198837,0.099419,0.050000,0.198837,1.000000,1.000000,-0.999526,-1.000000,0.171000,0.008600,0.001710,1.000000,0.171000,0.008600,0.001710,1.000000,0.171000,0.008600,0.001710,0.171000,0.008600,0.001710,1,1,1,1,1,1,1,1,1,1,1,1
1778955919.102196,54492,0.1,-0.001254,-0.001028,-0.000403,0.004863,0.004165,-0.001779,0.099419,0.050000,0.198837,0.099419,0.050000,0.198837,1.000000,1.000000,-0.999611,-1.000000,0.171000,0.008600,0.001710,1.000000,0.171000,0.008600,0.001710,1.000000,0.171000,0.008600,0.001710,0.171000,0.008600,0.001710,1,1,1,1,1,1,1,1,1,1,1,1
1778955919.301708,54692,0.1,-0.001195,0.000127,0.000469,0.005899,0.003115,-0.006281,0.099419,0.050000,0.198837,0.099419,0.050000,0.198837,1.000000,1.000000,-0.999572,-1.000000,0.171000,0.008600,0.001710,1.000000,0.171000,0.008600,0.001710,1.000000,0.171000,0.008600,0.001710,0.171000,0.008600,0.001710,1,1,1,1,1,1,1,1,1,1,1,1
1778955919.501746,54892,0.1,-0.000835,0.001362,0.002630,0.004226,-0.000124,-0.008313,0.099419,0.050000,0.198837,0.099419,0.050000,0.198837,1.000000,1.000000,-0.999481,-1.000000,0.171000,0.008600,0.001710,1.000000,0.171000,0.008600,0.001710,1.000000,0.171000,0.008600,0.001710,0.171000,0.008600,0.001710,1,1,1,1,1,1,1,1,1,1,1,1
1778955919.698609,55092,0.0,-0.000698,0.001710,0.001689,-0.000282,0.000406,-0.004848,0.099419,0.050000,0.198837,0.099419,0.050000,0.198837,1.000000,1.000000,-0.999381,-1.000000,0.171000,0.008600,0.001710,1.000000,0.171000,0.008600,0.001710,1.000000,0.171000,0.008600,0.001710,0.171000,0.008600,0.001710,1,1,1,1,1,1,1,1,1,1,1,1
1778955919.898929,55292,0.1,-0.000533,0.001321,0.002482,-0.002892,-0.000883,-0.001070,0.099419,0.050000,0.198837,0.099419,0.050000,0.198837,1.000000,1.000000,-0.999303,-1.000000,0.171000,0.008600,0.001710,1.000000,0.171000,0.008600,0.001710,1.000000,0.171000,0.008600,0.001710,0.171000,0.008600,0.001710,1,1,1,1,1,1,1,1,1,1,1,1
1778955920.102382,55492,0.2,-0.000136,0.000791,0.001008,-0.002776,-0.000599,0.000403,0.099419,0.050000,0.198837,0.099419,0.050000,0.198837,1.000000,1.000000,-0.999336,-1.000000,0.171000,0.008600,0.001710,1.000000,0.171000,0.008600,0.001710,1.000000,0.171000,0.008600,0.001710,0.171000,0.008600,0.001710,1,1,1,1,1,1,1,1,1,1,1,1
1778955920.300819,55692,0.1,-0.000085,0.000730,-0.001277,0.002520,0.001533,-0.004710,0.099419,0.050000,0.198837,0.099419,0.050000,0.198837,1.000000,1.000000,-0.999487,-1.000000,0.171000,0.008600,0.001710,1.000000,0.171000,0.008600,0.001710,1.000000,0.171000,0.008600,0.001710,0.171000,0.008600,0.001710,1,1,1,1,1,1,1,1,1,1,1,1
1778955920.500324,55892,0.1,-0.000595,0.000719,-0.003241,0.000705,0.005025,-0.002862,0.099419,0.050000,0.198837,0.099419,0.050000,0.198837,1.000000,1.000000,-0.999443,-1.000000,0.171000,0.008600,0.001710,1.000000,0.171000,0.008600,0.001710,1.000000,0.171000,0.008600,0.001710,0.171000,0.008600,0.001710,1,1,1,1,1,1,1,1,1,1,1,1
1778955920.700756,56092,0.1,-0.001089,0.000544,-0.001672,-0.000525,0.004938,-0.001107,0.099419,0.050000,0.198837,0.099419,0.050000,0.198837,1.000000,1.000000,-0.999410,-1.000000,0.171000,0.008600,0.001710,1.000000,0.171000,0.008600,0.001710,1.000000,0.171000,0.008600,0.001710,0.171000,0.008600,0.001710,1,1,1,1,1,1,1,1,1,1,1,1
1778955920.903332,56292,0.2,-0.001365,0.000472,-0.002062,-0.000791,0.006158,-0.000625,0.099419,0.050000,0.198837,0.099419,0.050000,0.198837,1.000000,1.000000,-0.999398,-1.000000,0.171000,0.008600,0.001710,1.000000,0.171000,0.008600,0.001710,1.000000,0.171000,0.008600,0.001710,0.171000,0.008600,0.001710,1,1,1,1,1,1,1,1,1,1,1,1
1778955921.103011,56492,0.2,-0.001202,0.000478,0.003885,-0.000295,-0.000279,-0.001138,0.099419,0.050000,0.198837,0.099419,0.050000,0.198837,1.000000,1.000000,-0.999450,-1.000000,0.171000,0.008600,0.001710,1.000000,0.171000,0.008600,0.001710,1.000000,0.171000,0.008600,0.001710,0.171000,0.008600,0.001710,1,1,1,1,1,1,1,1,1,1,1,1
1778955921.302808,56692,0.2,-0.000598,0.000696,0.003662,-0.000026,-0.001867,-0.002063,0.099419,0.050000,0.198837,0.099419,0.050000,0.198837,1.000000,1.000000,-0.999447,-1.000000,0.171000,0.008600,0.001710,1.000000,0.171000,0.008600,0.001710,1.000000,0.171000,0.008600,0.001710,0.171000,0.008600,0.001710,1,1,1,1,1,1,1,1,1,1,1,1
1778955921.500933,56892,0.1,0.000195,0.000555,0.005222,-0.001874,-0.005807,0.000210,0.099419,0.050000,0.198837,0.099419,0.050000,0.198837,1.000000,1.000000,-0.999413,-1.000000,0.171000,0.008600,0.001710,1.000000,0.171000,0.008600,0.001710,1.000000,0.171000,0.008600,0.001710,0.171000,0.008600,0.001710,1,1,1,1,1,1,1,1,1,1,1,1
1778955921.701158,57092,0.1,0.000926,0.000236,0.002393,-0.002088,-0.005173,0.001380,0.099419,0.050000,0.198837,0.099419,0.050000,0.198837,1.000000,1.000000,-0.999416,-1.000000,0.171000,0.008600,0.001710,1.000000,0.171000,0.008600,0.001710,1.000000,0.171000,0.008600,0.001710,0.171000,0.008600,0.001710,1,1,1,1,1,1,1,1,1,1,1,1
1778955921.904174,57292,0.1,0.001148,-0.000199,-0.000472,-0.003628,-0.002972,0.004225,0.099419,0.050000,0.198837,0.099419,0.050000,0.198837,1.000000,1.000000,-0.999367,-1.000000,0.171000,0.008600,0.001710,1.000000,0.171000,0.008600,0.001710,1.000000,0.171000,0.008600,0.001710,0.171000,0.008600,0.001710,1,1,1,1,1,1,1,1,1,1,1,1
1778955922.102860,57492,0.1,0.001345,-0.000480,0.002562,-0.000888,-0.006595,0.002327,0.099419,0.050000,0.198837,0.099419,0.050000,0.198837,1.000000,1.000000,-0.999481,-1.000000,0.171000,0.008600,0.001710,1.000000,0.171000,0.008600,0.001710,1.000000,0.171000,0.008600,0.001710,0.171000,0.008600,0.001710,1,1,1,1,1,1,1,1,1,1,1,1
1778955922.301224,57692,0.1,0.001758,-0.000590,0.003168,-0.001652,-0.008441,0.003421,0.099419,0.050000,0.198837,0.099419,0.050000,0.198837,1.000000,1.000000,-0.999460,-1.000000,0.171000,0.008600,0.001710,1.000000,0.171000,0.008600,0.001710,1.000000,0.171000,0.008600,0.001710,0.171000,0.008600,0.001710,1,1,1,1,1,1,1,1,1,1,1,1
1778955922.501601,57892,0.1,0.002425,-0.000346,0.001618,-0.000181,-0.008893,0.001220,0.099419,0.050000,0.198837,0.099419,0.050000,0.198837,1.000000,1.000000,-0.999461,-1.000000,0.171000,0.008600,0.001710,1.000000,0.171000,0.008600,0.001710,1.000000,0.171000,0.008600,0.001710,0.171000,0.008600,0.001710,1,1,1,1,1,1,1,1,1,1,1,1
1778955922.701970,58092,0.1,0.002358,-0.000246,-0.002361,-0.000707,-0.004712,0.001443,0.099419,0.050000,0.198837,0.099419,0.050000,0.198837,1.000000,1.000000,-0.999467,-1.000000,0.171000,0.008600,0.001710,1.000000,0.171000,0.008600,0.001710,1.000000,0.171000,0.008600,0.001710,0.171000,0.008600,0.001710,1,1,1,1,1,1,1,1,1,1,1,1
1778955922.902566,58292,0.1,0.001650,-0.000282,-0.004614,-0.000306,-0.000337,0.001152,0.099419,0.050000,0.198837,0.099419,0.050000,0.198837,1.000000,1.000000,-0.999475,-1.000000,0.171000,0.008600,0.001710,1.000000,0.171000,0.008600,0.001710,1.000000,0.171000,0.008600,0.001710,0.171000,0.008600,0.001710,1,1,1,1,1,1,1,1,1,1,1,1
1778955923.100415,58492,0.0,0.000658,-0.000463,-0.005194,-0.001079,0.003220,0.002467,0.099419,0.050000,0.198837,0.099419,0.050000,0.198837,1.000000,1.000000,-0.999443,-1.000000,0.171000,0.008600,0.001710,1.000000,0.171000,0.008600,0.001710,1.000000,0.171000,0.008600,0.001710,0.171000,0.008600,0.001710,1,1,1,1,1,1,1,1,1,1,1,1
1778955923.304264,58692,0.1,-0.000446,-0.001080,-0.004213,-0.003567,0.005551,0.006808,0.099419,0.050000,0.198837,0.099419,0.050000,0.198837,1.000000,1.000000,-0.999375,-1.000000,0.171000,0.008600,0.001710,1.000000,0.171000,0.008600,0.001710,1.000000,0.171000,0.008600,0.001710,0.171000,0.008600,0.001710,1,1,1,1,1,1,1,1,1,1,1,1
1778955923.503924,58892,0.1,-0.000841,-0.001648,0.000363,-0.002397,0.002159,0.007340,0.099419,0.050000,0.198837,0.099419,0.050000,0.198837,1.000000,1.000000,-0.999467,-1.000000,0.171000,0.008600,0.001710,1.000000,0.171000,0.008600,0.001710,1.000000,0.171000,0.008600,0.001710,0.171000,0.008600,0.001710,1,1,1,1,1,1,1,1,1,1,1,1
1778955923.700061,59092,0.0,-0.000765,-0.002133,0.000670,-0.003839,0.001625,0.010238,0.099419,0.050000,0.198837,0.099419,0.050000,0.198837,1.000000,1.000000,-0.999444,-1.000000,0.171000,0.008600,0.001710,1.000000,0.171000,0.008600,0.001710,1.000000,0.171000,0.008600,0.001710,0.171000,0.008600,0.001710,1,1,1,1,1,1,1,1,1,1,1,1
1778955923.903186,59292,0.1,-0.000307,-0.002324,0.003907,-0.000746,-0.002986,0.007719,0.099419,0.050000,0.198837,0.099419,0.050000,0.198837,1.000000,1.000000,-0.999559,-1.000000,0.171000,0.008600,0.001710,1.000000,0.171000,0.008600,0.001710,1.000000,0.171000,0.008600,0.001710,0.171000,0.008600,0.001710,1,1,1,1,1,1,1,1,1,1,1,1
1778955924.102355,59492,0.1,-0.000017,-0.002586,-0.000115,-0.001882,0.000167,0.009641,0.099419,0.050000,0.198837,0.099419,0.050000,0.198837,1.000000,1.000000,-0.999532,-1.000000,0.171000,0.008600,0.001710,1.000000,0.171000,0.008600,0.001710,1.000000,0.171000,0.008600,0.001710,0.171000,0.008600,0.001710,1,1,1,1,1,1,1,1,1,1,1,1
1778955924.302629,59692,0.1,-0.000142,-0.002673,-0.000858,0.002211,0.001284,0.005809,0.099419,0.050000,0.198837,0.099419,0.050000,0.198837,1.000000,1.000000,-0.999637,-1.000000,0.171000,0.008600,0.001710,1.000000,0.171000,0.008600,0.001710,1.000000,0.171000,0.008600,0.001710,0.171000,0.008600,0.001710,1,1,1,1,1,1,1,1,1,1,1,1
1778955924.502253,59892,0.1,-0.000467,-0.002398,-0.000606,0.002109,0.002009,0.005085,0.099419,0.050000,0.198837,0.099419,0.050000,0.198837,1.000000,1.000000,-0.999624,-1.000000,0.171000,0.008600,0.001710,1.000000,0.171000,0.008600,0.001710,1.000000,0.171000,0.008600,0.001710,0.171000,0.008600,0.001710,1,1,1,1,1,1,1,1,1,1,1,1
1778955924.702857,60092,0.1,-0.000825,-0.001776,-0.001500,0.002817,0.003975,0.002512,0.099419,0.050000,0.198837,0.099419,0.050000,0.198837,1.000000,1.000000,-0.999614,-1.000000,0.171000,0.008600,0.001710,1.000000,0.171000,0.008600,0.001710,1.000000,0.171000,0.008600,0.001710,0.171000,0.008600,0.001710,1,1,1,1,1,1,1,1,1,1,1,1
1778955924.901080,60292,0.1,-0.001060,-0.000758,-0.000562,0.004849,0.003742,-0.002574,0.099419,0.050000,0.198837,0.099419,0.050000,0.198837,1.000000,1.000000,-0.999598,-1.000000,0.171000,0.008600,0.001710,1.000000,0.171000,0.008600,0.001710,1.000000,0.171000,0.008600,0.001710,0.171000,0.008600,0.001710,1,1,1,1,1,1,1,1,1,1,1,1
1778955925.104409,60492,0.2,-0.001145,0.000413,0.000483,0.007937,0.002952,-0.009175,0.099419,0.050000,0.198837,0.099419,0.050000,0.198837,1.000000,1.000000,-0.999585,-1.000000,0.171000,0.008600,0.001710,1.000000,0.171000,0.008600,0.001710,1.000000,0.171000,0.008600,0.001710,0.171000,0.008600,0.001710,1,1,1,1,1,1,1,1,1,1,1,1
1778955925.303220,60692,0.1,-0.000857,0.001546,0.002508,0.004623,0.000063,-0.009262,0.099419,0.050000,0.198837,0.099419,0.050000,0.198837,1.000000,1.000000,-0.999478,-1.000000,0.171000,0.008600,0.001710,1.000000,0.171000,0.008600,0.001710,1.000000,0.171000,0.008600,0.001710,0.171000,0.008600,0.001710,1,1,1,1,1,1,1,1,1,1,1,1
1778955925.503307,60892,0.1,-0.000536,0.001986,0.002380,0.000812,-0.000771,-0.006772,0.099419,0.050000,0.198837,0.099419,0.050000,0.198837,1.000000,1.000000,-0.999383,-1.000000,0.171000,0.008600,0.001710,1.000000,0.171000,0.008600,0.001710,1.000000,0.171000,0.008600,0.001710,0.171000,0.008600,0.001710,1,1,1,1,1,1,1,1,1,1,1,1
1778955925.703377,61092,0.1,-0.000274,0.002284,0.003051,0.000575,-0.002231,-0.007425,0.099419,0.050000,0.198837,0.099419,0.050000,0.198837,1.000000,1.000000,-0.999355,-1.000000,0.171000,0.008600,0.001710,1.000000,0.171000,0.008600,0.001710,1.000000,0.171000,0.008600,0.001710,0.171000,0.008600,0.001710,1,1,1,1,1,1,1,1,1,1,1,1
1778955925.903568,61292,0.1,0.000032,0.001877,-0.000410,-0.003160,0.000316,-0.002472,0.099419,0.050000,0.198837,0.099419,0.050000,0.198837,1.000000,1.000000,-0.999243,-1.000000,0.171000,0.008600,0.001710,1.000000,0.171000,0.008600,0.001710,1.000000,0.171000,0.008600,0.001710,0.171000,0.008600,0.001710,1,1,1,1,1,1,1,1,1,1,1,1
1778955926.104627,61492,0.1,0.000529,0.001213,0.003672,-0.002182,-0.005258,-0.001457,0.099419,0.050000,0.198837,0.099419,0.050000,0.198837,1.000000,1.000000,-0.999362,-1.000000,0.171000,0.008600,0.001710,1.000000,0.171000,0.008600,0.001710,1.000000,0.171000,0.008600,0.001710,0.171000,0.008600,0.001710,1,1,1,1,1,1,1,1,1,1,1,1
1778955926.301369,61692,0.0,0.000839,0.000895,-0.002006,-0.001606,-0.000510,-0.001079,0.099419,0.050000,0.198837,0.099419,0.050000,0.198837,1.000000,1.000000,-0.999372,-1.000000,0.171000,0.008600,0.001710,1.000000,0.171000,0.008600,0.001710,1.000000,0.171000,0.008600,0.001710,0.171000,0.008600,0.001710,1,1,1,1,1,1,1,1,1,1,1,1
1778955926.505141,61892,0.1,0.000111,0.000810,-0.005023,-0.000606,0.004691,-0.001824,0.099419,0.050000,0.198837,0.099419,0.050000,0.198837,1.000000,1.000000,-0.999388,-1.000000,0.171000,0.008600,0.001710,1.000000,0.171000,0.008600,0.001710,1.000000,0.171000,0.008600,0.001710,0.171000,0.008600,0.001710,1,1,1,1,1,1,1,1,1,1,1,1
1778955926.704205,62092,0.1,-0.000644,0.000592,-0.003647,-0.002037,0.005577,0.000260,0.099419,0.050000,0.198837,0.099419,0.050000,0.198837,1.000000,1.000000,-0.999341,-1.000000,0.171000,0.008600,0.001710,1.000000,0.171000,0.008600,0.001710,1.000000,0.171000,0.008600,0.001710,0.171000,0.008600,0.001710,1,1,1,1,1,1,1,1,1,1,1,1
1778955926.906459,62292,0.2,-0.001084,0.000252,-0.001249,-0.002576,0.004502,0.001820,0.099419,0.050000,0.198837,0.099419,0.050000,0.198837,1.000000,1.000000,-0.999348,-1.000000,0.171000,0.008600,0.001710,1.000000,0.171000,0.008600,0.001710,1.000000,0.171000,0.008600,0.001710,0.171000,0.008600,0.001710,1,1,1,1,1,1,1,1,1,1,1,1
1778955927.105841,62492,0.1,-0.001075,-0.000234,0.001795,-0.004874,0.001431,0.005575,0.099419,0.050000,0.198837,0.099419,0.050000,0.198837,1.000000,1.000000,-0.999299,-1.000000,0.171000,0.008600,0.001710,1.000000,0.171000,0.008600,0.001710,1.000000,0.171000,0.008600,0.001710,0.171000,0.008600,0.001710,1,1,1,1,1,1,1,1,1,1,1,1
1778955927.303960,62692,0.2,-0.000577,-0.000780,0.004872,-0.001626,-0.003140,0.003967,0.099419,0.050000,0.198837,0.099419,0.050000,0.198837,1.000000,1.000000,-0.999478,-1.000000,0.171000,0.008600,0.001710,1.000000,0.171000,0.008600,0.001710,1.000000,0.171000,0.008600,0.001710,0.171000,0.008600,0.001710,1,1,1,1,1,1,1,1,1,1,1,1
1778955927.505341,62892,0.2,0.000487,-0.000922,0.008530,0.000714,-0.009990,0.002051,0.099419,0.050000,0.198837,0.099419,0.050000,0.198837,1.000000,1.000000,-0.999489,-1.000000,0.171000,0.008600,0.001710,1.000000,0.171000,0.008600,0.001710,1.000000,0.171000,0.008600,0.001710,0.171000,0.008600,0.001710,1,1,1,1,1,1,1,1,1,1,1,1
1778955927.705287,63092,0.1,0.001970,-0.000714,0.006694,0.004366,-0.012605,-0.002222,0.099419,0.050000,0.198837,0.099419,0.050000,0.198837,1.000000,1.000000,-0.999492,-1.000000,0.171000,0.008600,0.001710,1.000000,0.171000,0.008600,0.001710,1.000000,0.171000,0.008600,0.001710,0.171000,0.008600,0.001710,1,1,1,1,1,1,1,1,1,1,1,1
1778955927.904609,63292,0.2,0.002868,-0.000086,0.004743,0.003707,-0.013347,-0.003449,0.099419,0.050000,0.198837,0.099419,0.050000,0.198837,1.000000,1.000000,-0.999457,-1.000000,0.171000,0.008600,0.001710,1.000000,0.171000,0.008600,0.001710,1.000000,0.171000,0.008600,0.001710,0.171000,0.008600,0.001710,1,1,1,1,1,1,1,1,1,1,1,1
1778955928.102044,63492,0.1,0.003541,0.000408,0.003167,0.001377,-0.013790,-0.002602,0.099419,0.050000,0.198837,0.099419,0.050000,0.198837,1.000000,1.000000,-0.999389,-1.000000,0.171000,0.008600,0.001710,1.000000,0.171000,0.008600,0.001710,1.000000,0.171000,0.008600,0.001710,0.171000,0.008600,0.001710,1,1,1,1,1,1,1,1,1,1,1,1
1778955928.306730,63692,0.2,0.003368,0.000748,-0.003549,0.003454,-0.006554,-0.005697,0.099419,0.050000,0.198837,0.099419,0.050000,0.198837,1.000000,1.000000,-0.999468,-1.000000,0.171000,0.008600,0.001710,1.000000,0.171000,0.008600,0.001710,1.000000,0.171000,0.008600,0.001710,0.171000,0.008600,0.001710,1,1,1,1,1,1,1,1,1,1,1,1
1778955928.502750,63892,0.0,0.002092,0.001501,-0.009044,0.002615,0.002769,-0.007119,0.099419,0.050000,0.198837,0.099419,0.050000,0.198837,1.000000,1.000000,-0.999433,-1.000000,0.171000,0.008600,0.001710,1.000000,0.171000,0.008600,0.001710,1.000000,0.171000,0.008600,0.001710,0.171000,0.008600,0.001710,1,1,1,1,1,1,1,1,1,1,1,1
1778955928.702487,64092,0.0,0.000574,0.001754,-0.006805,-0.001562,0.005082,-0.003700,0.099419,0.050000,0.198837,0.099419,0.050000,0.198837,1.000000,1.000000,-0.999288,-1.000000,0.171000,0.008600,0.001710,1.000000,0.171000,0.008600,0.001710,1.000000,0.171000,0.008600,0.001710,0.171000,0.008600,0.001710,1,1,1,1,1,1,1,1,1,1,1,1
1778955928.904321,64292,0.1,-0.000494,0.001132,-0.002422,-0.005520,0.003903,0.002124,0.099419,0.050000,0.198837,0.099419,0.050000,0.198837,1.000000,1.000000,-0.999152,-1.000000,0.171000,0.008600,0.001710,1.000000,0.171000,0.008600,0.001710,1.000000,0.171000,0.008600,0.001710,0.171000,0.008600,0.001710,1,1,1,1,1,1,1,1,1,1,1,1
1778955929.106755,64492,0.1,-0.000786,0.000117,0.001153,-0.002614,0.001204,0.002265,0.099419,0.050000,0.198837,0.099419,0.050000,0.198837,1.000000,1.000000,-0.999373,-1.000000,0.171000,0.008600,0.001710,1.000000,0.171000,0.008600,0.001710,1.000000,0.171000,0.008600,0.001710,0.171000,0.008600,0.001710,1,1,1,1,1,1,1,1,1,1,1,1
1778955929.306318,64692,0.1,-0.000528,-0.000600,0.001665,-0.000992,-0.000082,0.002793,0.099419,0.050000,0.198837,0.099419,0.050000,0.198837,1.000000,1.000000,-0.999475,-1.000000,0.171000,0.008600,0.001710,1.000000,0.171000,0.008600,0.001710,1.000000,0.171000,0.008600,0.001710,0.171000,0.008600,0.001710,1,1,1,1,1,1,1,1,1,1,1,1
1778955929.502682,64892,0.0,-0.000282,-0.000791,-0.000272,0.000033,0.001118,0.002341,0.099419,0.050000,0.198837,0.099419,0.050000,0.198837,1.000000,1.000000,-0.999509,-1.000000,0.171000,0.008600,0.001710,1.000000,0.171000,0.008600,0.001710,1.000000,0.171000,0.008600,0.001710,0.171000,0.008600,0.001710,1,1,1,1,1,1,1,1,1,1,1,1
1778955929.705487,65092,0.1,-0.000010,-0.000714,0.001717,-0.000062,-0.001687,0.002205,0.099419,0.050000,0.198837,0.099419,0.050000,0.198837,1.000000,1.000000,-0.999515,-1.000000,0.171000,0.008600,0.001710,1.000000,0.171000,0.008600,0.001710,1.000000,0.171000,0.008600,0.001710,0.171000,0.008600,0.001710,1,1,1,1,1,1,1,1,1,1,1,1
1778955929.903781,65292,0.1,0.000312,-0.000571,-0.000050,0.000036,-0.000886,0.001678,0.099419,0.050000,0.198837,0.099419,0.050000,0.198837,1.000000,1.000000,-0.999507,-1.000000,0.171000,0.008600,0.001710,1.000000,0.171000,0.008600,0.001710,1.000000,0.171000,0.008600,0.001710,0.171000,0.008600,0.001710,1,1,1,1,1,1,1,1,1,1,1,1
1778955930.105246,65492,0.1,0.000529,-0.000432,0.000383,-0.000190,-0.001969,0.001487,0.099419,0.050000,0.198837,0.099419,0.050000,0.198837,1.000000,1.000000,-0.999498,-1.000000,0.171000,0.008600,0.001710,1.000000,0.171000,0.008600,0.001710,1.000000,0.171000,0.008600,0.001710,0.171000,0.008600,0.001710,1,1,1,1,1,1,1,1,1,1,1,1
1778955930.305245,65692,0.1,0.000548,-0.000274,-0.000746,0.001518,-0.000897,-0.000696,0.099419,0.050000,0.198837,0.099419,0.050000,0.198837,1.000000,1.000000,-0.999518,-1.000000,0.171000,0.008600,0.001710,1.000000,0.171000,0.008600,0.001710,1.000000,0.171000,0.008600,0.001710,0.171000,0.008600,0.001710,1,1,1,1,1,1,1,1,1,1,1,1
1778955930.506085,65892,0.2,0.000124,-0.000196,-0.005386,0.002850,0.005014,-0.002262,0.099419,0.050000,0.198837,0.099419,0.050000,0.198837,1.000000,1.000000,-0.999543,-1.000000,0.171000,0.008600,0.001710,1.000000,0.171000,0.008600,0.001710,1.000000,0.171000,0.008600,0.001710,0.171000,0.008600,0.001710,1,1,1,1,1,1,1,1,1,1,1,1
1778955930.705434,66092,0.1,-0.000840,0.000183,-0.004878,0.000717,0.007397,-0.001265,0.099419,0.050000,0.198837,0.099419,0.050000,0.198837,1.000000,1.000000,-0.999458,-1.000000,0.171000,0.008600,0.001710,1.000000,0.171000,0.008600,0.001710,1.000000,0.171000,0.008600,0.001710,0.171000,0.008600,0.001710,1,1,1,1,1,1,1,1,1,1,1,1
1778955930.903687,66292,0.1,-0.000990,0.000322,0.003083,0.002655,-0.000112,-0.003622,0.099419,0.050000,0.198837,0.099419,0.050000,0.198837,1.000000,1.000000,-0.999514,-1.000000,0.171000,0.008600,0.001710,1.000000,0.171000,0.008600,0.001710,1.000000,0.171000,0.008600,0.001710,0.171000,0.008600,0.001710,1,1,1,1,1,1,1,1,1,1,1,1
1778955931.103547,66492,0.1,-0.000672,0.000513,0.001836,0.002061,0.000180,-0.003601,0.099419,0.050000,0.198837,0.099419,0.050000,0.198837,1.000000,1.000000,-0.999494,-1.000000,0.171000,0.008600,0.001710,1.000000,0.171000,0.008600,0.001710,1.000000,0.171000,0.008600,0.001710,0.171000,0.008600,0.001710,1,1,1,1,1,1,1,1,1,1,1,1
1778955931.305949,66692,0.1,-0.000184,0.000906,0.002196,0.002599,-0.001646,-0.005317,0.099419,0.050000,0.198837,0.099419,0.050000,0.198837,1.000000,1.000000,-0.999475,-1.000000,0.171000,0.008600,0.001710,1.000000,0.171000,0.008600,0.001710,1.000000,0.171000,0.008600,0.001710,0.171000,0.008600,0.001710,1,1,1,1,1,1,1,1,1,1,1,1
1778955931.503756,66892,0.1,0.000135,0.001214,0.001250,0.001768,-0.001654,-0.005410,0.099419,0.050000,0.198837,0.099419,0.050000,0.198837,1.000000,1.000000,-0.999442,-1.000000,0.171000,0.008600,0.001710,1.000000,0.171000,0.008600,0.001710,1.000000,0.171000,0.008600,0.001710,0.171000,0.008600,0.001710,1,1,1,1,1,1,1,1,1,1,1,1
1778955931.704285,67092,0.1,0.000294,0.001605,-0.000402,0.001261,-0.000481,-0.006077,0.099419,0.050000,0.198837,0.099419,0.050000,0.198837,1.000000,1.000000,-0.999410,-1.000000,0.171000,0.008600,0.001710,1.000000,0.171000,0.008600,0.001710,1.000000,0.171000,0.008600,0.001710,0.171000,0.008600,0.001710,1,1,1,1,1,1,1,1,1,1,1,1
1778955931.906012,67292,0.1,-0.000003,0.001959,-0.002562,0.001705,0.002570,-0.007581,0.099419,0.050000,0.198837,0.099419,0.050000,0.198837,1.000000,1.000000,-0.999403,-1.000000,0.171000,0.008600,0.001710,1.000000,0.171000,0.008600,0.001710,1.000000,0.171000,0.008600,0.001710,0.171000,0.008600,0.001710,1,1,1,1,1,1,1,1,1,1,1,1
1778955932.107277,67492,0.1,-0.000640,0.002180,-0.002801,0.000325,0.004721,-0.006865,0.099419,0.050000,0.198837,0.099419,0.050000,0.198837,1.000000,1.000000,-0.999352,-1.000000,0.171000,0.008600,0.001710,1.000000,0.171000,0.008600,0.001710,1.000000,0.171000,0.008600,0.001710,0.171000,0.008600,0.001710,1,1,1,1,1,1,1,1,1,1,1,1
1778955932.307586,67692,0.3,-0.001281,0.002005,-0.003794,-0.002788,0.007637,-0.003226,0.099419,0.050000,0.198837,0.099419,0.050000,0.198837,1.000000,1.000000,-0.999205,-1.000000,0.171000,0.008600,0.001710,1.000000,0.171000,0.008600,0.001710,1.000000,0.171000,0.008600,0.001710,0.171000,0.008600,0.001710,1,1,1,1,1,1,1,1,1,1,1,1
1778955932.507816,67892,0.3,-0.001941,0.001494,-0.001856,-0.003156,0.007679,-0.001328,0.099419,0.050000,0.198837,0.099419,0.050000,0.198837,1.000000,1.000000,-0.999226,-1.000000,0.171000,0.008600,0.001710,1.000000,0.171000,0.008600,0.001710,1.000000,0.171000,0.008600,0.001710,0.171000,0.008600,0.001710,1,1,1,1,1,1,1,1,1,1,1,1
1778955932.705300,68092,0.0,-0.001987,0.000888,0.001892,-0.002463,0.004068,-0.000202,0.099419,0.050000,0.198837,0.099419,0.050000,0.198837,1.000000,1.000000,-0.999322,-1.000000,0.171000,0.008600,0.001710,1.000000,0.171000,0.008600,0.001710,1.000000,0.171000,0.008600,0.001710,0.171000,0.008600,0.001710,1,1,1,1,1,1,1,1,1,1,1,1
1778955932.905607,68292,0.1,-0.001388,0.000415,0.002241,0.000122,0.001924,-0.001368,0.099419,0.050000,0.198837,0.099419,0.050000,0.198837,1.000000,1.000000,-0.999457,-1.000000,0.171000,0.008600,0.001710,1.000000,0.171000,0.008600,0.001710,1.000000,0.171000,0.008600,0.001710,0.171000,0.008600,0.001710,1,1,1,1,1,1,1,1,1,1,1,1
1778955933.106869,68492,0.1,-0.001139,0.000113,-0.002168,-0.000825,0.005585,0.000485,0.099419,0.050000,0.198837,0.099419,0.050000,0.198837,1.000000,1.000000,-0.999418,-1.000000,0.171000,0.008600,0.001710,1.000000,0.171000,0.008600,0.001710,1.000000,0.171000,0.008600,0.001710,0.171000,0.008600,0.001710,1,1,1,1,1,1,1,1,1,1,1,1
1778955933.309823,68692,0.4,-0.001589,0.000193,-0.004011,-0.000278,0.008778,-0.000302,0.099419,0.050000,0.198837,0.099419,0.050000,0.198837,1.000000,1.000000,-0.999418,-1.000000,0.171000,0.008600,0.001710,1.000000,0.171000,0.008600,0.001710,1.000000,0.171000,0.008600,0.001710,0.171000,0.008600,0.001710,1,1,1,1,1,1,1,1,1,1,1,1
1778955933.508263,68892,0.3,-0.002519,-0.000145,-0.006413,-0.002756,0.013971,0.003190,0.099419,0.050000,0.198837,0.099419,0.050000,0.198837,1.000000,1.000000,-0.999310,-1.000000,0.171000,0.008600,0.001710,1.000000,0.171000,0.008600,0.001710,1.000000,0.171000,0.008600,0.001710,0.171000,0.008600,0.001710,1,1,1,1,1,1,1,1,1,1,1,1
1778955933.708870,69092,0.3,-0.003299,-0.000836,-0.002112,-0.003246,0.012009,0.005753,0.099419,0.050000,0.198837,0.099419,0.050000,0.198837,1.000000,1.000000,-0.999347,-1.000000,0.171000,0.008600,0.001710,1.000000,0.171000,0.008600,0.001710,1.000000,0.171000,0.008600,0.001710,0.171000,0.008600,0.001710,1,1,1,1,1,1,1,1,1,1,1,1
1778955933.909065,69292,0.3,-0.003307,-0.001555,0.002557,-0.002610,0.007364,0.007273,0.099419,0.050000,0.198837,0.099419,0.050000,0.198837,1.000000,1.000000,-0.999438,-1.000000,0.171000,0.008600,0.001710,1.000000,0.171000,0.008600,0.001710,1.000000,0.171000,0.008600,0.001710,0.171000,0.008600,0.001710,1,1,1,1,1,1,1,1,1,1,1,1
1778955934.107891,69492,0.3,-0.002214,-0.001989,0.008962,-0.002323,-0.002321,0.008290,0.099419,0.050000,0.198837,0.099419,0.050000,0.198837,1.000000,1.000000,-0.999497,-1.000000,0.171000,0.008600,0.001710,1.000000,0.171000,0.008600,0.001710,1.000000,0.171000,0.008600,0.001710,0.171000,0.008600,0.001710,1,1,1,1,1,1,1,1,1,1,1,1
1778955934.308446,69692,0.4,-0.000028,-0.002261,0.013229,-0.002297,-0.013144,0.009081,0.099419,0.050000,0.198837,0.099419,0.050000,0.198837,1.000000,1.000000,-0.999332,-1.000000,0.171000,0.008600,0.001710,1.000000,0.171000,0.008600,0.001710,1.000000,0.171000,0.008600,0.001710,0.171000,0.008600,0.001710,1,1,1,1,1,1,1,1,1,1,1,1
1778955934.508753,69892,0.3,0.002064,-0.002565,0.009367,-0.000861,-0.015559,0.008557,0.099419,0.050000,0.198837,0.099419,0.050000,0.198837,1.000000,1.000000,-0.999261,-1.000000,0.171000,0.008600,0.001710,1.000000,0.171000,0.008600,0.001710,1.000000,0.171000,0.008600,0.001710,0.171000,0.008600,0.001710,1,1,1,1,1,1,1,1,1,1,1,1
1778955934.709198,70092,0.3,0.003540,-0.002690,0.005830,0.000613,-0.016450,0.007457,0.099419,0.050000,0.198837,0.099419,0.050000,0.198837,1.000000,1.000000,-0.999230,-1.000000,0.171000,0.008600,0.001710,1.000000,0.171000,0.008600,0.001710,1.000000,0.171000,0.008600,0.001710,0.171000,0.008600,0.001710,1,1,1,1,1,1,1,1,1,1,1,1
1778955934.906457,70292,0.1,0.004517,-0.002256,0.005170,0.002253,-0.018722,0.004515,0.099419,0.050000,0.198837,0.099419,0.050000,0.198837,1.000000,1.000000,-0.999261,-1.000000,0.171000,0.008600,0.001710,1.000000,0.171000,0.008600,0.001710,1.000000,0.171000,0.008600,0.001710,0.171000,0.008600,0.001710,1,1,1,1,1,1,1,1,1,1,1,1
1778955935.109536,70492,0.3,0.004227,-0.002111,-0.007588,-0.002072,-0.005092,0.008406,0.099419,0.050000,0.198837,0.099419,0.050000,0.198837,1.000000,1.000000,-0.999371,-1.000000,0.171000,0.008600,0.001710,1.000000,0.171000,0.008600,0.001710,1.000000,0.171000,0.008600,0.001710,0.171000,0.008600,0.001710,1,1,1,1,1,1,1,1,1,1,1,1
1778955935.310236,70692,0.4,0.002903,-0.002298,-0.008938,-0.000448,0.000229,0.007341,0.099419,0.050000,0.198837,0.099419,0.050000,0.198837,1.000000,1.000000,-0.999540,-1.000000,0.171000,0.008600,0.001710,1.000000,0.171000,0.008600,0.001710,1.000000,0.171000,0.008600,0.001710,0.171000,0.008600,0.001710,1,1,1,1,1,1,1,1,1,1,1,1
1778955935.509322,70892,0.3,0.000979,-0.002422,-0.010379,0.000811,0.007441,0.006456,0.099419,0.050000,0.198837,0.099419,0.050000,0.198837,1.000000,1.000000,-0.999567,-1.000000,0.171000,0.008600,0.001710,1.000000,0.171000,0.008600,0.001710,1.000000,0.171000,0.008600,0.001710,0.171000,0.008600,0.001710,1,1,1,1,1,1,1,1,1,1,1,1
1778955935.709910,71092,0.3,-0.001043,-0.002299,-0.009870,0.003999,0.013000,0.002897,0.099419,0.050000,0.198837,0.099419,0.050000,0.198837,1.000000,1.000000,-0.999628,-1.000000,0.171000,0.008600,0.001710,1.000000,0.171000,0.008600,0.001710,1.000000,0.171000,0.008600,0.001710,0.171000,0.008600,0.001710,1,1,1,1,1,1,1,1,1,1,1,1
1778955935.909110,71292,0.1,-0.002498,-0.001810,-0.006475,0.003419,0.013969,0.002011,0.099419,0.050000,0.198837,0.099419,0.050000,0.198837,1.000000,1.000000,-0.999597,-1.000000,0.171000,0.008600,0.001710,1.000000,0.171000,0.008600,0.001710,1.000000,0.171000,0.008600,0.001710,0.171000,0.008600,0.001710,1,1,1,1,1,1,1,1,1,1,1,1
1778955936.109178,71492,0.3,-0.003298,-0.000954,-0.003673,0.004909,0.013566,-0.002047,0.099419,0.050000,0.198837,0.099419,0.050000,0.198837,1.000000,1.000000,-0.999608,-1.000000,0.171000,0.008600,0.001710,1.000000,0.171000,0.008600,0.001710,1.000000,0.171000,0.008600,0.001710,0.171000,0.008600,0.001710,1,1,1,1,1,1,1,1,1,1,1,1
1778955936.309556,71692,0.3,-0.003428,-0.000044,-0.000587,0.003668,0.010873,-0.003536,0.099419,0.050000,0.198837,0.099419,0.050000,0.198837,1.000000,1.000000,-0.999552,-1.000000,0.171000,0.008600,0.001710,1.000000,0.171000,0.008600,0.001710,1.000000,0.171000,0.008600,0.001710,0.171000,0.008600,0.001710,1,1,1,1,1,1,1,1,1,1,1,1
1778955936.506741,71892,0.0,-0.003099,0.000448,0.004054,-0.000518,0.005245,-0.000825,0.099419,0.050000,0.198837,0.099419,0.050000,0.198837,1.000000,1.000000,-0.999422,-1.000000,0.171000,0.008600,0.001710,1.000000,0.171000,0.008600,0.001710,1.000000,0.171000,0.008600,0.001710,0.171000,0.008600,0.001710,1,1,1,1,1,1,1,1,1,1,1,1
1778955936.707107,72092,0.1,-0.001849,0.000535,0.008043,-0.000536,-0.002496,-0.001069,0.099419,0.050000,0.198837,0.099419,0.050000,0.198837,1.000000,1.000000,-0.999453,-1.000000,0.171000,0.008600,0.001710,1.000000,0.171000,0.008600,0.001710,1.000000,0.171000,0.008600,0.001710,0.171000,0.008600,0.001710,1,1,1,1,1,1,1,1,1,1,1,1
1778955936.910909,72292,0.3,-0.000537,0.000050,0.006927,-0.004422,-0.005315,0.004270,0.099419,0.050000,0.198837,0.099419,0.050000,0.198837,1.000000,1.000000,-0.999343,-1.000000,0.171000,0.008600,0.001710,1.000000,0.171000,0.008600,0.001710,1.000000,0.171000,0.008600,0.001710,0.171000,0.008600,0.001710,1,1,1,1,1,1,1,1,1,1,1,1
1778955937.110036,72492,0.3,0.000844,-0.000648,0.007247,-0.001948,-0.009778,0.003892,0.099419,0.050000,0.198837,0.099419,0.050000,0.198837,1.000000,1.000000,-0.999452,-1.000000,0.171000,0.008600,0.001710,1.000000,0.171000,0.008600,0.001710,1.000000,0.171000,0.008600,0.001710,0.171000,0.008600,0.001710,1,1,1,1,1,1,1,1,1,1,1,1
1778955937.307773,72692,0.3,0.002198,-0.000926,0.004664,-0.002266,-0.011257,0.005044,0.099419,0.050000,0.198837,0.099419,0.050000,0.198837,1.000000,1.000000,-0.999370,-1.000000,0.171000,0.008600,0.001710,1.000000,0.171000,0.008600,0.001710,1.000000,0.171000,0.008600,0.001710,0.171000,0.008600,0.001710,1,1,1,1,1,1,1,1,1,1,1,1
1778955937.509340,72892,0.3,0.003368,-0.000849,0.005435,0.000314,-0.015539,0.002232,0.099419,0.050000,0.198837,0.099419,0.050000,0.198837,1.000000,1.000000,-0.999345,-1.000000,0.171000,0.008600,0.001710,1.000000,0.171000,0.008600,0.001710,1.000000,0.171000,0.008600,0.001710,0.171000,0.008600,0.001710,1,1,1,1,1,1,1,1,1,1,1,1
1778955937.709953,73092,0.3,0.004238,-0.000809,0.005256,0.000077,-0.017970,0.002350,0.099419,0.050000,0.198837,0.099419,0.050000,0.198837,1.000000,1.000000,-0.999274,-1.000000,0.171000,0.008600,0.001710,1.000000,0.171000,0.008600,0.001710,1.000000,0.171000,0.008600,0.001710,0.171000,0.008600,0.001710,1,1,1,1,1,1,1,1,1,1,1,1
1778955937.910389,73292,0.2,0.004785,-0.000943,0.002016,-0.000151,-0.016372,0.002980,0.099419,0.050000,0.198837,0.099419,0.050000,0.198837,1.000000,1.000000,-0.999271,-1.000000,0.171000,0.008600,0.001710,1.000000,0.171000,0.008600,0.001710,1.000000,0.171000,0.008600,0.001710,0.171000,0.008600,0.001710,1,1,1,1,1,1,1,1,1,1,1,1
1778955938.109962,73492,0.3,0.004801,-0.000683,-0.001504,0.004163,-0.012900,-0.002114,0.099419,0.050000,0.198837,0.099419,0.050000,0.198837,1.000000,1.000000,-0.999436,-1.000000,0.171000,0.008600,0.001710,1.000000,0.171000,0.008600,0.001710,1.000000,0.171000,0.008600,0.001710,0.171000,0.008600,0.001710,1,1,1,1,1,1,1,1,1,1,1,1
1778955938.311245,73692,0.5,0.004126,0.000164,-0.005158,0.005223,-0.007220,-0.005716,0.099419,0.050000,0.198837,0.099419,0.050000,0.198837,1.000000,1.000000,-0.999521,-1.000000,0.171000,0.008600,0.001710,1.000000,0.171000,0.008600,0.001710,1.000000,0.171000,0.008600,0.001710,0.171000,0.008600,0.001710,1,1,1,1,1,1,1,1,1,1,1,1
1778955938.509833,73892,0.2,0.002866,0.001199,-0.007061,0.006304,-0.001538,-0.009901,0.099419,0.050000,0.198837,0.099419,0.050000,0.198837,1.000000,1.000000,-0.999498,-1.000000,0.171000,0.008600,0.001710,1.000000,0.171000,0.008600,0.001710,1.000000,0.171000,0.008600,0.001710,0.171000,0.008600,0.001710,1,1,1,1,1,1,1,1,1,1,1,1
1778955938.712199,74092,0.3,0.001377,0.002082,-0.008878,0.002792,0.004748,-0.009038,0.099419,0.050000,0.198837,0.099419,0.050000,0.198837,1.000000,1.000000,-0.999408,-1.000000,0.171000,0.008600,0.001710,1.000000,0.171000,0.008600,0.001710,1.000000,0.171000,0.008600,0.001710,0.171000,0.008600,0.001710,1,1,1,1,1,1,1,1,1,1,1,1
1778955938.908916,74292,0.1,-0.000361,0.002673,-0.008803,0.002479,0.009886,-0.010499,0.099419,0.050000,0.198837,0.099419,0.050000,0.198837,1.000000,1.000000,-0.999377,-1.000000,0.171000,0.008600,0.001710,1.000000,0.171000,0.008600,0.001710,1.000000,0.171000,0.008600,0.001710,0.171000,0.008600,0.001710,1,1,1,1,1,1,1,1,1,1,1,1
1778955939.111134,74492,0.2,-0.001694,0.003102,-0.004846,0.003177,0.009928,-0.012484,0.099419,0.050000,0.198837,0.099419,0.050000,0.198837,1.000000,1.000000,-0.999380,-1.000000,0.171000,0.008600,0.001710,1.000000,0.171000,0.008600,0.001710,1.000000,0.171000,0.008600,0.001710,0.171000,0.008600,0.001710,1,1,1,1,1,1,1,1,1,1,1,1
1778955939.312445,74712,0.3,-0.002317,0.002992,-0.000831,-0.001840,0.007781,-0.007135,0.099419,0.050000,0.198837,0.099419,0.050000,0.198837,1.000000,1.000000,-0.999187,-1.000000,0.171000,0.008600,0.001710,1.000000,0.171000,0.008600,0.001710,1.000000,0.171000,0.008600,0.001710,0.171000,0.008600,0.001710,1,1,1,1,1,1,1,1,1,1,1,1
1778955939.510131,74892,0.2,-0.002065,0.002614,0.005525,-0.000479,0.000670,-0.007363,0.099419,0.050000,0.198837,0.099419,0.050000,0.198837,1.000000,1.000000,-0.999325,-1.000000,0.171000,0.008600,0.001710,1.000000,0.171000,0.008600,0.001710,1.000000,0.171000,0.008600,0.001710,0.171000,0.008600,0.001710,1,1,1,1,1,1,1,1,1,1,1,1
1778955939.710635,75092,0.3,-0.001126,0.002638,0.005658,0.000438,-0.002280,-0.008354,0.099419,0.050000,0.198837,0.099419,0.050000,0.198837,1.000000,1.000000,-0.999334,-1.000000,0.171000,0.008600,0.001710,1.000000,0.171000,0.008600,0.001710,1.000000,0.171000,0.008600,0.001710,0.171000,0.008600,0.001710,1,1,1,1,1,1,1,1,1,1,1,1
1778955939.909889,75292,0.1,0.000051,0.002911,0.005115,0.002889,-0.005269,-0.011621,0.099419,0.050000,0.198837,0.099419,0.050000,0.198837,1.000000,1.000000,-0.999349,-1.000000,0.171000,0.008600,0.001710,1.000000,0.171000,0.008600,0.001710,1.000000,0.171000,0.008600,0.001710,0.171000,0.008600,0.001710,1,1,1,1,1,1,1,1,1,1,1,1
1778955940.111259,75492,0.3,0.000852,0.003199,0.000734,0.001547,-0.003289,-0.011144,0.099419,0.050000,0.198837,0.099419,0.050000,0.198837,1.000000,1.000000,-0.999299,-1.000000,0.171000,0.008600,0.001710,1.000000,0.171000,0.008600,0.001710,1.000000,0.171000,0.008600,0.001710,0.171000,0.008600,0.001710,1,1,1,1,1,1,1,1,1,1,1,1
1778955940.312209,75712,0.1,0.000449,0.003278,-0.005294,-0.001232,0.003947,-0.008603,0.099419,0.050000,0.198837,0.099419,0.050000,0.198837,1.000000,1.000000,-0.999211,-1.000000,0.171000,0.008600,0.001710,1.000000,0.171000,0.008600,0.001710,1.000000,0.171000,0.008600,0.001710,0.171000,0.008600,0.001710,1,1,1,1,1,1,1,1,1,1,1,1
1778955940.512012,75912,0.2,-0.000905,0.002665,-0.007313,-0.004111,0.010027,-0.003884,0.099419,0.050000,0.198837,0.099419,0.050000,0.198837,1.000000,1.000000,-0.999060,-1.000000,0.171000,0.008600,0.001710,1.000000,0.171000,0.008600,0.001710,1.000000,0.171000,0.008600,0.001710,0.171000,0.008600,0.001710,1,1,1,1,1,1,1,1,1,1,1,1
1778955940.710862,76092,0.2,-0.002332,0.001745,-0.005823,-0.005528,0.012819,0.000293,0.099419,0.050000,0.198837,0.099419,0.050000,0.198837,1.000000,1.000000,-0.999037,-1.000000,0.171000,0.008600,0.001710,1.000000,0.171000,0.008600,0.001710,1.000000,0.171000,0.008600,0.001710,0.171000,0.008600,0.001710,1,1,1,1,1,1,1,1,1,1,1,1
1778955940.911554,76292,0.4,-0.003355,0.000534,-0.000710,-0.008630,0.010774,0.007029,0.099419,0.050000,0.198837,0.099419,0.050000,0.198837,1.000000,1.000000,-0.998977,-1.000000,0.171000,0.008600,0.001710,1.000000,0.171000,0.008600,0.001710,1.000000,0.171000,0.008600,0.001710,0.171000,0.008600,0.001710,1,1,1,1,1,1,1,1,1,1,1,1
1778955941.108766,76492,0.1,-0.003142,-0.000568,0.004498,-0.005505,0.004927,0.007209,0.099419,0.050000,0.198837,0.099419,0.050000,0.198837,1.000000,1.000000,-0.999279,-1.000000,0.171000,0.008600,0.001710,1.000000,0.171000,0.008600,0.001710,1.000000,0.171000,0.008600,0.001710,0.171000,0.008600,0.001710,1,1,1,1,1,1,1,1,1,1,1,1
1778955941.311453,76692,0.4,-0.002541,-0.001306,0.005895,-0.002418,0.001726,0.006337,0.099419,0.050000,0.198837,0.099419,0.050000,0.198837,1.000000,1.000000,-0.999459,-1.000000,0.171000,0.008600,0.001710,1.000000,0.171000,0.008600,0.001710,1.000000,0.171000,0.008600,0.001710,0.171000,0.008600,0.001710,1,1,1,1,1,1,1,1,1,1,1,1
1778955941.512334,76912,0.2,-0.001105,-0.001731,0.008010,0.000248,-0.004696,0.004944,0.099419,0.050000,0.198837,0.099419,0.050000,0.198837,1.000000,1.000000,-0.999561,-1.000000,0.171000,0.008600,0.001710,1.000000,0.171000,0.008600,0.001710,1.000000,0.171000,0.008600,0.001710,0.171000,0.008600,0.001710,1,1,1,1,1,1,1,1,1,1,1,1
1778955941.710184,77092,0.1,0.000299,-0.001443,0.007356,0.003302,-0.008252,0.001028,0.099419,0.050000,0.198837,0.099419,0.050000,0.198837,1.000000,1.000000,-0.999554,-1.000000,0.171000,0.008600,0.001710,1.000000,0.171000,0.008600,0.001710,1.000000,0.171000,0.008600,0.001710,0.171000,0.008600,0.001710,1,1,1,1,1,1,1,1,1,1,1,1
1778955941.913278,77312,0.1,0.001896,-0.000674,0.006648,0.004043,-0.012335,-0.002019,0.099419,0.050000,0.198837,0.099419,0.050000,0.198837,1.000000,1.000000,-0.999493,-1.000000,0.171000,0.008600,0.001710,1.000000,0.171000,0.008600,0.001710,1.000000,0.171000,0.008600,0.001710,0.171000,0.008600,0.001710,1,1,1,1,1,1,1,1,1,1,1,1
1778955942.113327,77512,0.2,0.002742,0.000385,0.002281,0.006724,-0.010508,-0.007878,0.099419,0.050000,0.198837,0.099419,0.050000,0.198837,1.000000,1.000000,-0.999534,-1.000000,0.171000,0.008600,0.001710,1.000000,0.171000,0.008600,0.001710,1.000000,0.171000,0.008600,0.001710,0.171000,0.008600,0.001710,1,1,1,1,1,1,1,1,1,1,1,1
1778955942.310959,77692,0.2,0.002669,0.001239,-0.002720,0.004103,-0.005286,-0.007821,0.099419,0.050000,0.198837,0.099419,0.050000,0.198837,1.000000,1.000000,-0.999457,-1.000000,0.171000,0.008600,0.001710,1.000000,0.171000,0.008600,0.001710,1.000000,0.171000,0.008600,0.001710,0.171000,0.008600,0.001710,1,1,1,1,1,1,1,1,1,1,1,1
1778955942.512425,77912,0.2,0.001380,0.002036,-0.010051,0.002841,0.005910,-0.008949,0.099419,0.050000,0.198837,0.099419,0.050000,0.198837,1.000000,1.000000,-0.999414,-1.000000,0.171000,0.008600,0.001710,1.000000,0.171000,0.008600,0.001710,1.000000,0.171000,0.008600,0.001710,0.171000,0.008600,0.001710,1,1,1,1,1,1,1,1,1,1,1,1
1778955942.711676,78112,0.2,-0.000522,0.002214,-0.008478,-0.001899,0.010042,-0.004743,0.099419,0.050000,0.198837,0.099419,0.050000,0.198837,1.000000,1.000000,-0.999212,-1.000000,0.171000,0.008600,0.001710,1.000000,0.171000,0.008600,0.001710,1.000000,0.171000,0.008600,0.001710,0.171000,0.008600,0.001710,1,1,1,1,1,1,1,1,1,1,1,1
1778955942.914533,78312,0.2,-0.001924,0.001814,-0.004199,-0.003834,0.009972,-0.001608,0.099419,0.050000,0.198837,0.099419,0.050000,0.198837,1.000000,1.000000,-0.999150,-1.000000,0.171000,0.008600,0.001710,1.000000,0.171000,0.008600,0.001710,1.000000,0.171000,0.008600,0.001710,0.171000,0.008600,0.001710,1,1,1,1,1,1,1,1,1,1,1,1
1778955943.113485,78512,0.2,-0.002355,0.000833,0.000678,-0.005232,0.006387,0.002733,0.099419,0.050000,0.198837,0.099419,0.050000,0.198837,1.000000,1.000000,-0.999181,-1.000000,0.171000,0.008600,0.001710,1.000000,0.171000,0.008600,0.001710,1.000000,0.171000,0.008600,0.001710,0.171000,0.008600,0.001710,1,1,1,1,1,1,1,1,1,1,1,1
1778955943.312063,78712,0.1,-0.001594,-0.000128,0.006353,-0.003606,-0.001571,0.003989,0.099419,0.050000,0.198837,0.099419,0.050000,0.198837,1.000000,1.000000,-0.999368,-1.000000,0.171000,0.008600,0.001710,1.000000,0.171000,0.008600,0.001710,1.000000,0.171000,0.008600,0.001710,0.171000,0.008600,0.001710,1,1,1,1,1,1,1,1,1,1,1,1
1778955943.514201,78912,0.2,-0.000326,-0.000916,0.006289,-0.003489,-0.005313,0.006236,0.099419,0.050000,0.198837,0.099419,0.050000,0.198837,1.000000,1.000000,-0.999431,-1.000000,0.171000,0.008600,0.001710,1.000000,0.171000,0.008600,0.001710,1.000000,0.171000,0.008600,0.001710,0.171000,0.008600,0.001710,1,1,1,1,1,1,1,1,1,1,1,1
1778955943.714488,79112,0.2,0.001010,-0.001608,0.008469,-0.004552,-0.011500,0.009375,0.099419,0.050000,0.198837,0.099419,0.050000,0.198837,1.000000,1.000000,-0.999235,-1.000000,0.171000,0.008600,0.001710,1.000000,0.171000,0.008600,0.001710,1.000000,0.171000,0.008600,0.001710,0.171000,0.008600,0.001710,1,1,1,1,1,1,1,1,1,1,1,1
1778955943.911215,79292,0.2,0.002186,-0.002264,0.005256,-0.004737,-0.011813,0.011528,0.099419,0.050000,0.198837,0.099419,0.050000,0.198837,1.000000,1.000000,-0.999124,-1.000000,0.171000,0.008600,0.001710,1.000000,0.171000,0.008600,0.001710,1.000000,0.171000,0.008600,0.001710,0.171000,0.008600,0.001710,1,1,1,1,1,1,1,1,1,1,1,1
1778955944.114126,79512,0.2,0.002707,-0.002881,-0.001236,-0.003574,-0.006885,0.012218,0.099419,0.050000,0.198837,0.099419,0.050000,0.198837,1.000000,1.000000,-0.999288,-1.000000,0.171000,0.008600,0.001710,1.000000,0.171000,0.008600,0.001710,1.000000,0.171000,0.008600,0.001710,0.171000,0.008600,0.001710,1,1,1,1,1,1,1,1,1,1,1,1
1778955944.314393,79712,0.2,0.002353,-0.003342,-0.007327,-0.001014,0.000269,0.011041,0.099419,0.050000,0.198837,0.099419,0.050000,0.198837,1.000000,1.000000,-0.999508,-1.000000,0.171000,0.008600,0.001710,1.000000,0.171000,0.008600,0.001710,1.000000,0.171000,0.008600,0.001710,0.171000,0.008600,0.001710,1,1,1,1,1,1,1,1,1,1,1,1
1778955944.515026,79912,0.2,0.000707,-0.003328,-0.011111,0.001703,0.008990,0.008282,0.099419,0.050000,0.198837,0.099419,0.050000,0.198837,1.000000,1.000000,-0.999617,-1.000000,0.171000,0.008600,0.001710,1.000000,0.171000,0.008600,0.001710,1.000000,0.171000,0.008600,0.001710,0.171000,0.008600,0.001710,1,1,1,1,1,1,1,1,1,1,1,1
1778955944.714327,80112,0.2,-0.001049,-0.002536,-0.007081,0.005516,0.010229,0.002091,0.099419,0.050000,0.198837,0.099419,0.050000,0.198837,1.000000,1.000000,-0.999677,-1.000000,0.171000,0.008600,0.001710,1.000000,0.171000,0.008600,0.001710,1.000000,0.171000,0.008600,0.001710,0.171000,0.008600,0.001710,1,1,1,1,1,1,1,1,1,1,1,1
1778955944.911496,80312,0.1,-0.002620,-0.001017,-0.006302,0.009644,0.014162,-0.006592,0.099419,0.050000,0.198837,0.099419,0.050000,0.198837,1.000000,1.000000,-0.999676,-1.000000,0.171000,0.008600,0.001710,1.000000,0.171000,0.008600,0.001710,1.000000,0.171000,0.008600,0.001710,0.171000,0.008600,0.001710,1,1,1,1,1,1,1,1,1,1,1,1
1778955945.114679,80512,0.2,-0.003455,0.000572,-0.004590,0.005940,0.014956,-0.007656,0.099419,0.050000,0.198837,0.099419,0.050000,0.198837,1.000000,1.000000,-0.999574,-1.000000,0.171000,0.008600,0.001710,1.000000,0.171000,0.008600,0.001710,1.000000,0.171000,0.008600,0.001710,0.171000,0.008600,0.001710,1,1,1,1,1,1,1,1,1,1,1,1
1778955945.313504,80712,0.1,-0.004217,0.001608,-0.001963,0.001999,0.014615,-0.006825,0.099419,0.050000,0.198837,0.099419,0.050000,0.198837,1.000000,1.000000,-0.999406,-1.000000,0.171000,0.008600,0.001710,1.000000,0.171000,0.008600,0.001710,1.000000,0.171000,0.008600,0.001710,0.171000,0.008600,0.001710,1,1,1,1,1,1,1,1,1,1,1,1
1778955945.511099,80892,0.1,-0.004667,0.002004,-0.001733,0.002002,0.015735,-0.008014,0.099419,0.050000,0.198837,0.099419,0.050000,0.198837,1.000000,1.000000,-0.999381,-1.000000,0.171000,0.008600,0.001710,1.000000,0.171000,0.008600,0.001710,1.000000,0.171000,0.008600,0.001710,0.171000,0.008600,0.001710,1,1,1,1,1,1,1,1,1,1,1,1
1778955945.711165,81092,0.1,-0.004582,0.002140,0.001278,-0.002272,0.012468,-0.004146,0.099419,0.050000,0.198837,0.099419,0.050000,0.198837,1.000000,1.000000,-0.999204,-1.000000,0.171000,0.008600,0.001710,1.000000,0.171000,0.008600,0.001710,1.000000,0.171000,0.008600,0.001710,0.171000,0.008600,0.001710,1,1,1,1,1,1,1,1,1,1,1,1
1778955945.913087,81312,0.1,-0.003533,0.001894,0.006093,-0.000389,0.004505,-0.005292,0.099419,0.050000,0.198837,0.099419,0.050000,0.198837,1.000000,1.000000,-0.999354,-1.000000,0.171000,0.008600,0.001710,1.000000,0.171000,0.008600,0.001710,1.000000,0.171000,0.008600,0.001710,0.171000,0.008600,0.001710,1,1,1,1,1,1,1,1,1,1,1,1
1778955946.113764,81512,0.2,-0.002396,0.001870,0.006100,-0.003682,0.001088,-0.001928,0.099419,0.050000,0.198837,0.099419,0.050000,0.198837,1.000000,1.000000,-0.999226,-1.000000,0.171000,0.008600,0.001710,1.000000,0.171000,0.008600,0.001710,1.000000,0.171000,0.008600,0.001710,0.171000,0.008600,0.001710,1,1,1,1,1,1,1,1,1,1,1,1
1778955946.313593,81712,0.1,-0.000838,0.001657,0.006776,-0.002311,-0.004263,-0.002659,0.099419,0.050000,0.198837,0.099419,0.050000,0.198837,1.000000,1.000000,-0.999331,-1.000000,0.171000,0.008600,0.001710,1.000000,0.171000,0.008600,0.001710,1.000000,0.171000,0.008600,0.001710,0.171000,0.008600,0.001710,1,1,1,1,1,1,1,1,1,1,1,1
1778955946.512179,81912,0.1,0.000872,0.000757,0.010772,-0.006380,-0.013387,0.004109,0.099419,0.050000,0.198837,0.099419,0.050000,0.198837,1.000000,1.000000,-0.999282,-1.000000,0.171000,0.008600,0.001710,1.000000,0.171000,0.008600,0.001710,1.000000,0.171000,0.008600,0.001710,0.171000,0.008600,0.001710,1,1,1,1,1,1,1,1,1,1,1,1
1778955946.716196,82112,0.2,0.002501,-0.000599,0.007738,-0.006320,-0.015241,0.008118,0.099419,0.050000,0.198837,0.099419,0.050000,0.198837,1.000000,1.000000,-0.999138,-1.000000,0.171000,0.008600,0.001710,1.000000,0.171000,0.008600,0.001710,1.000000,0.171000,0.008600,0.001710,0.171000,0.008600,0.001710,1,1,1,1,1,1,1,1,1,1,1,1
1778955946.914703,82312,0.1,0.003484,-0.001663,0.002462,-0.003226,-0.012913,0.008215,0.099419,0.050000,0.198837,0.099419,0.050000,0.198837,1.000000,1.000000,-0.999196,-1.000000,0.171000,0.008600,0.001710,1.000000,0.171000,0.008600,0.001710,1.000000,0.171000,0.008600,0.001710,0.171000,0.008600,0.001710,1,1,1,1,1,1,1,1,1,1,1,1
1778955947.116725,82512,0.2,0.003841,-0.002135,-0.000981,-0.002279,-0.010541,0.008683,0.099419,0.050000,0.198837,0.099419,0.050000,0.198837,1.000000,1.000000,-0.999274,-1.000000,0.171000,0.008600,0.001710,1.000000,0.171000,0.008600,0.001710,1.000000,0.171000,0.008600,0.001710,0.171000,0.008600,0.001710,1,1,1,1,1,1,1,1,1,1,1,1
1778955947.314938,82712,0.2,0.003684,-0.002681,-0.000971,-0.001130,-0.010081,0.009172,0.099419,0.050000,0.198837,0.099419,0.050000,0.198837,1.000000,1.000000,-0.999302,-1.000000,0.171000,0.008600,0.001710,1.000000,0.171000,0.008600,0.001710,1.000000,0.171000,0.008600,0.001710,0.171000,0.008600,0.001710,1,1,1,1,1,1,1,1,1,1,1,1
1778955947.515630,82912,0.2,0.003341,-0.002679,-0.000149,0.002135,-0.009874,0.005902,0.099419,0.050000,0.198837,0.099419,0.050000,0.198837,1.000000,1.000000,-0.999446,-1.000000,0.171000,0.008600,0.001710,1.000000,0.171000,0.008600,0.001710,1.000000,0.171000,0.008600,0.001710,0.171000,0.008600,0.001710,1,1,1,1,1,1,1,1,1,1,1,1
1778955947.714274,83112,0.1,0.003311,-0.001934,-0.000179,0.005475,-0.009755,0.000328,0.099419,0.050000,0.198837,0.099419,0.050000,0.198837,1.000000,1.000000,-0.999538,-1.000000,0.171000,0.008600,0.001710,1.000000,0.171000,0.008600,0.001710,1.000000,0.171000,0.008600,0.001710,0.171000,0.008600,0.001710,1,1,1,1,1,1,1,1,1,1,1,1
1778955947.917052,83312,0.1,0.003390,-0.000648,0.001811,0.006529,-0.011980,-0.004584,0.099419,0.050000,0.198837,0.099419,0.050000,0.198837,1.000000,1.000000,-0.999513,-1.000000,0.171000,0.008600,0.001710,1.000000,0.171000,0.008600,0.001710,1.000000,0.171000,0.008600,0.001710,0.171000,0.008600,0.001710,1,1,1,1,1,1,1,1,1,1,1,1
1778955948.114848,83512,0.1,0.003504,0.000605,-0.000286,0.004448,-0.010224,-0.006264,0.099419,0.050000,0.198837,0.099419,0.050000,0.198837,1.000000,1.000000,-0.999486,-1.000000,0.171000,0.008600,0.001710,1.000000,0.171000,0.008600,0.001710,1.000000,0.171000,0.008600,0.001710,0.171000,0.008600,0.001710,1,1,1,1,1,1,1,1,1,1,1,1
1778955948.314317,83712,0.1,0.003369,0.001267,-0.003095,0.001237,-0.007013,-0.005039,0.099419,0.050000,0.198837,0.099419,0.050000,0.198837,1.000000,1.000000,-0.999400,-1.000000,0.171000,0.008600,0.001710,1.000000,0.171000,0.008600,0.001710,1.000000,0.171000,0.008600,0.001710,0.171000,0.008600,0.001710,1,1,1,1,1,1,1,1,1,1,1,1
1778955948.516126,83912,0.2,0.002550,0.001207,-0.006007,-0.002341,-0.001644,-0.001281,0.099419,0.050000,0.198837,0.099419,0.050000,0.198837,1.000000,1.000000,-0.999323,-1.000000,0.171000,0.008600,0.001710,1.000000,0.171000,0.008600,0.001710,1.000000,0.171000,0.008600,0.001710,0.171000,0.008600,0.001710,1,1,1,1,1,1,1,1,1,1,1,1
1778955948.714561,84112,0.1,0.001573,0.000692,-0.003879,-0.003758,-0.000839,0.001682,0.099419,0.050000,0.198837,0.099419,0.050000,0.198837,1.000000,1.000000,-0.999292,-1.000000,0.171000,0.008600,0.001710,1.000000,0.171000,0.008600,0.001710,1.000000,0.171000,0.008600,0.001710,0.171000,0.008600,0.001710,1,1,1,1,1,1,1,1,1,1,1,1
